deviceID;userName
52:54:00:64:93:b6;np93kxke
52:54:00:11:ea:2e;jm55kyev
52:54:00:84:95:0d;bx93siuo
52:54:00:67:32:27;ob69clam
52:54:00:f5:2f:9f;hf40fgzq
52:54:00:78:9a:20;fk53lete
52:54:00:ae:4d:79;ik06qnjh
52:54:00:50:cd:ec;tu39paoi
52:54:00:6d:e5:00;cy47ayhf
52:54:00:fd:36:64;iz44oszi
52:54:00:1c:ef:55;tg35tpvu
52:54:00:5b:07:87;sz61qmrl
52:54:00:f4:ca:3b;jm55kyev
52:54:00:0d:c0:31;lu87nnnu
52:54:00:9b:72:76;wq50peke
52:54:00:1e:e1:c0;ar25docw
52:54:00:d8:0c:d8;dr91ysqo
52:54:00:b9:44:c7;ju93wuwe
52:54:00:8c:37:ef;cs82kmmr
52:54:00:1a:28:1c;et29lqaf
52:54:00:ba:2c:0a;jq86avgf
52:54:00:1e:7e:cc;di87gnla
52:54:00:d0:c0:20;kz40pjzh
52:54:00:a4:01:af;fi51mdph
52:54:00:e6:a3:b3;wu18qlex
52:54:00:b4:c9:d6;cv78pjjb
52:54:00:d3:fb:60;wa10ffxx
52:54:00:00:16:72;ha60kkbe
52:54:00:a5:35:65;ik06qnjh
52:54:00:17:8a:40;ya30ftsz
52:54:00:62:7d:7c;pw16yoth
52:54:00:60:e1:56;uf97nkyt
52:54:00:8b:ca:09;iw69wjyc
52:54:00:08:21:03;ij56vbie
52:54:00:a4:11:d2;uv62gatw
52:54:00:eb:43:74;rz73jljm
52:54:00:c0:39:c3;nq03hfal
52:54:00:ed:8c:35;xp67pokt
52:54:00:13:4d:93;nq45pfpp
52:54:00:87:fe:07;eu32iglh
52:54:00:e8:5d:6a;qc10hgbw
52:54:00:4c:b1:b8;se55qjgo
52:54:00:0d:52:1d;er27qugo
52:54:00:25:f8:25;kj14efea
52:54:00:94:b6:59;xh22hzgz
52:54:00:7e:96:ae;fm67zpep
52:54:00:91:ae:5a;wz14xiwk
52:54:00:f4:7d:5d;qu91wdvw
52:54:00:6c:ef:b0;he60apha
52:54:00:57:8e:32;iw65emzr
52:54:00:07:ef:cf;wm60jdvl
52:54:00:94:72:a5;pw32akbk
52:54:00:46:3f:97;oc31cydx
52:54:00:36:8b:ca;vh07iycr
52:54:00:6d:2a:d9;ic71pvov
52:54:00:94:13:e8;rf12bfaj
52:54:00:34:c2:38;ry15fbif
52:54:00:b7:c1:64;zr44xczp
52:54:00:cb:58:3a;jh60rfus
52:54:00:1a:55:1a;zy28lsfc
52:54:00:ec:0a:30;xp28sczd
52:54:00:68:8e:65;lf20nuzn
52:54:00:e7:d6:9b;bp08ljks
52:54:00:43:38:44;wq50peke
52:54:00:1f:de:ed;gc00lvph
52:54:00:27:cd:0b;in59swcs
52:54:00:17:b0:8d;ua28cipf
52:54:00:18:35:c1;fa31zwdx
52:54:00:12:2f:e3;yk40vjau
52:54:00:f2:ba:18;on82vqir
52:54:00:64:a1:3d;jv38shds
52:54:00:b7:9a:1f;eo10jruf
52:54:00:9d:ca:05;uy04iwyn
52:54:00:fd:a6:4b;vh07iycr
52:54:00:2c:9d:f5;ha60kkbe
52:54:00:0f:9d:ce;tt04yarn
52:54:00:c6:3c:f2;wn92fcyz
52:54:00:84:19:be;mc92zeez
52:54:00:2f:47:67;hf73nsxc
52:54:00:d9:0f:f9;ru57mnfy
52:54:00:92:9f:b5;xu37zkjv
52:54:00:fe:db:08;je07zisz
52:54:00:15:5a:d0;fs80zlyo
52:54:00:39:85:70;oe74qcmu
52:54:00:5f:cb:82;ha31that
52:54:00:d2:e7:22;ja09oofq
52:54:00:6c:96:28;yp32nacy
52:54:00:ef:05:0e;js91dfpy
52:54:00:ab:04:ef;bu71cvcc
52:54:00:cd:ac:c0;gh84bjop
52:54:00:7f:b5:b8;wy00tkxb
52:54:00:da:f6:b3;wb24jzap
52:54:00:e1:8d:2f;cd26toil
52:54:00:17:a2:99;wg24udmw
52:54:00:01:c0:a7;vk34keoi
52:54:00:e6:7f:cb;br05tigx
52:54:00:35:72:6e;ej26fnis
52:54:00:2e:21:18;yp98iyyd
52:54:00:40:a7:37;jc02mhla
52:54:00:93:d2:a1;qm71dbus
52:54:00:7c:31:2b;kf06ybpn
52:54:00:af:4c:d5;ls58uikk
52:54:00:f0:0a:6c;zb26dyeh
52:54:00:b7:39:76;vy32gucq
52:54:00:76:cb:15;wt07sfkw
52:54:00:8d:08:eb;yk03clmz
52:54:00:45:51:1b;ac68mefx
52:54:00:af:a4:fc;gc00lvph
52:54:00:27:4c:a7;si32sphf
52:54:00:60:a5:86;oj29wgpa
52:54:00:e8:2c:e8;tm97exlj
52:54:00:24:40:dd;ex53obix
52:54:00:4c:10:5f;wq50peke
52:54:00:31:a3:04;wo72cgzt
52:54:00:0f:49:bf;ow53rjys
52:54:00:4a:c8:7f;gh90uhqy
52:54:00:7b:43:5b;rn32jsfk
52:54:00:84:a2:d5;mk87iobs
52:54:00:5c:d5:c0;br05tigx
52:54:00:b1:3e:57;ci56gkge
52:54:00:65:fd:51;uz12tkcb
52:54:00:ee:fe:70;jm77efkw
52:54:00:c3:5e:bf;wz14xiwk
52:54:00:f0:43:5b;gx37gmwu
52:54:00:f3:d6:83;ry36kodq
52:54:00:aa:01:67;ey75nlsa
52:54:00:ab:a9:53;ru84krqh
52:54:00:58:91:bd;he84pzme
52:54:00:84:32:1a;dl40ryaz
52:54:00:27:69:43;qs47ykuy
52:54:00:57:1d:5a;nr49snle
52:54:00:d0:68:6a;td07hthz
52:54:00:5a:1c:4b;sz61qmrl
52:54:00:06:4b:26;fg24tjbs
52:54:00:1b:c3:15;ld41wqzw
52:54:00:3f:0c:c8;nm17vdks
52:54:00:1b:65:53;ko98lvft
52:54:00:49:ef:03;ir92dbyo
52:54:00:f8:bc:ad;nf66epfd
52:54:00:17:42:c7;de46upgx
52:54:00:ce:97:ce;ld41wqzw
52:54:00:e1:85:f3;wg24udmw
52:54:00:8f:2a:0f;hf73nsxc
52:54:00:74:1c:7a;jm77efkw
52:54:00:b8:05:77;kr71mvmz
52:54:00:f1:4a:e0;en94mxat
52:54:00:58:0b:a4;iz44oszi
52:54:00:fb:a0:cf;ym83utig
52:54:00:4c:60:34;rf12bfaj
52:54:00:30:1c:ee;ja09oofq
52:54:00:a2:4d:7f;ou04evmk
52:54:00:af:d9:40;fv43xczv
52:54:00:cf:e1:c2;rd31rqde
52:54:00:17:a3:f7;vk84gvki
52:54:00:cf:0c:41;oj29wgpa
52:54:00:62:c0:a1;ak82uswk
52:54:00:2b:b5:e5;ab05ryqo
52:54:00:cd:4d:43;ib15zoyh
52:54:00:78:e6:21;hb48ojod
52:54:00:84:74:16;bn75zoiu
52:54:00:72:7d:61;ea92lhwg
52:54:00:5c:07:29;rx27bbbf
52:54:00:14:b8:05;yy63xzgk
52:54:00:11:39:36;ks62auep
52:54:00:b4:6f:5f;eh83poab
52:54:00:fd:f4:73;nt59yzsg
52:54:00:18:c9:eb;eb05byof
52:54:00:12:a5:ae;qr87drmz
52:54:00:ba:2b:b4;ak82uswk
52:54:00:8f:e7:56;cz38trdo
52:54:00:89:f4:51;qm08ygwn
52:54:00:54:58:d3;su69opan
52:54:00:a0:f8:cf;ze11xppr
52:54:00:df:84:98;cp46ognr
52:54:00:fe:f5:ef;ci56gkge
52:54:00:69:e5:d7;gq10wzkd
52:54:00:5c:20:4a;eh68ssap
52:54:00:c4:4c:4f;xg05wopc
52:54:00:5f:d8:6a;ha31that
52:54:00:9a:b2:f4;av56ilmt
52:54:00:14:3c:1b;sl35hjrt
52:54:00:e4:29:8d;qi78unuj
52:54:00:82:11:8a;rq71vird
52:54:00:10:b6:cf;fn96jiut
52:54:00:22:94:b7;vh07iycr
52:54:00:d9:71:75;hf03irvy
52:54:00:ac:46:60;nz21fdgw
52:54:00:7d:c5:5e;jt54attt
52:54:00:d2:3e:bf;hf73nsxc
52:54:00:b3:03:0f;ze11xppr
52:54:00:05:31:a3;th33qyvc
52:54:00:dc:0f:eb;fr99bcte
52:54:00:a6:9e:a4;xv79zwfh
52:54:00:a9:cf:0c;cs82kmmr
52:54:00:f7:16:a7;kg02fdgm
52:54:00:8e:7e:dc;rh77wgiz
52:54:00:8f:62:50;dd29tuht
52:54:00:79:1a:50;zv86rpod
52:54:00:fb:df:b7;sn80qqep
52:54:00:5e:7e:09;xb35owwr
52:54:00:69:b1:82;dg71czlj
52:54:00:20:e5:69;aa11iiuy
52:54:00:4e:00:a1;iq84catj
52:54:00:51:05:ae;lv07apuj
52:54:00:6c:5c:0e;la89lbdf
52:54:00:bc:b8:99;bh46qisn
52:54:00:55:34:c3;zb26dyeh
52:54:00:12:31:8d;jw09yaim
52:54:00:d6:c9:38;ha37cyns
52:54:00:f3:9a:54;pv18ysrf
52:54:00:8a:1b:f2;tg33eybi
52:54:00:8c:cb:05;fv43xczv
52:54:00:68:d5:22;wd96quvy
52:54:00:af:eb:58;lo19znkz
52:54:00:c6:a2:e5;bb97tpgq
52:54:00:c7:a5:b9;ve06tssl
52:54:00:7c:41:08;qd86enkb
52:54:00:ab:91:fe;yd95qzua
52:54:00:4d:dc:48;od64ueyt
52:54:00:4a:c0:2f;et34hkzm
52:54:00:9c:47:47;cn42ficn
52:54:00:d2:8c:fa;fl82ixmv
52:54:00:e0:07:49;hr52hnjr
52:54:00:46:a9:53;ys85phzu
52:54:00:9b:87:15;wk04qqpv
52:54:00:c0:86:97;ns74upeh
52:54:00:99:a2:a5;qw79vhkg
52:54:00:63:8c:43;cq32zrck
52:54:00:e6:71:f8;bu98kggv
52:54:00:45:29:79;yd72wkev
52:54:00:76:a7:a7;ru57mnfy
52:54:00:49:6f:9d;rm28udsf
52:54:00:45:01:25;jq86avgf
52:54:00:af:60:1d;do59lbtm
52:54:00:37:25:8c;ls05dqox
52:54:00:35:2c:e0;rc02pkst
52:54:00:e1:41:d8;bo30onqt
52:54:00:c2:fa:83;ob69clam
52:54:00:20:df:6b;ze12wrmq
52:54:00:dc:e9:b7;du50ofsv
52:54:00:50:68:f7;tm08jeyo
52:54:00:c6:50:fd;hr47xnks
52:54:00:db:93:be;xh22hzgz
52:54:00:ee:aa:23;ze11xppr
52:54:00:41:de:68;fl82ixmv
52:54:00:f2:93:66;cc02choc
52:54:00:9b:ce:cc;dv82deip
52:54:00:75:99:3c;tb73mjnd
52:54:00:e3:3e:05;sw81dowu
52:54:00:5e:97:3d;ms08bxft
52:54:00:f4:5d:0d;ww67cfpd
52:54:00:7d:21:e6;oj60nkxm
52:54:00:6e:5b:08;gr37yztw
52:54:00:fa:81:5b;qg79jdyn
52:54:00:34:a4:37;hb78byeu
52:54:00:0e:90:a3;sn80qqep
52:54:00:20:81:a8;ov51iqoh
52:54:00:c3:0b:b7;be12nedp
52:54:00:7f:45:9a;qu91wdvw
52:54:00:02:97:ff;hw71lszg
52:54:00:a8:be:2e;wx75dgla
52:54:00:c1:a7:fb;gq41spuh
52:54:00:ed:54:fa;zw20mfhn
52:54:00:45:a6:dc;vo38ftmi
52:54:00:e9:fa:0a;qr73znsf
52:54:00:e7:e1:f3;tc82vgli
52:54:00:92:23:b9;jg15dnyg
52:54:00:b1:49:4a;jp57bcjh
52:54:00:af:07:e2;cz37pubq
52:54:00:b4:cb:08;rr26mmoq
52:54:00:21:e7:27;dc21hdmi
52:54:00:34:0f:06;ha31that
52:54:00:90:b2:7d;bf33vwal
52:54:00:ce:86:e3;kz75byff
52:54:00:56:d8:24;yd95qzua
52:54:00:7a:c7:b1;ax26ruga
52:54:00:c6:8d:dd;sl64kmrn
52:54:00:6c:c2:65;ze11xppr
52:54:00:6f:8f:cc;ai47aakh
52:54:00:99:51:94;bt85qfqi
52:54:00:14:78:9c;oz06szem
52:54:00:30:13:06;ia89somp
52:54:00:37:ea:4c;cz30nflh
52:54:00:a8:db:cf;eh68ssap
52:54:00:d0:75:9f;ph43dsdp
52:54:00:76:b3:3b;cz30nflh
52:54:00:f7:be:a3;aa07jngo
52:54:00:57:5c:29;bv91ypnr
52:54:00:20:31:3a;nn64oqfi
52:54:00:f0:32:ed;ho23sklo
52:54:00:32:77:b5;rb50ting
52:54:00:26:2c:63;az76ycwa
52:54:00:bc:28:fc;jm77efkw
52:54:00:00:cd:ad;qt11msbu
52:54:00:62:5a:5b;tv69roeq
52:54:00:ce:37:37;pa91grwv
52:54:00:2a:bf:ca;wa10ffxx
52:54:00:98:8b:3f;tf85ggse
52:54:00:12:58:22;ac68mefx
52:54:00:69:4e:f9;oc49vewh
52:54:00:88:2f:48;do59lbtm
52:54:00:ca:5a:1c;xh22hzgz
52:54:00:3f:cd:ab;aa11iiuy
52:54:00:7d:72:f6;zo79ecby
52:54:00:47:a7:2d;bc07rkni
52:54:00:62:b0:3e;ak82uswk
52:54:00:6c:9e:0f;yu63vpvb
52:54:00:a8:2c:d3;df71ljxp
52:54:00:2a:10:61;mf41vtxd
52:54:00:37:3d:d8;tv62xush
52:54:00:f3:31:92;ls58uikk
52:54:00:78:b3:19;lq49xljm
52:54:00:b4:50:05;pb50owvl
52:54:00:ae:c9:2d;gk40yczn
52:54:00:27:41:f2;qz47xoex
52:54:00:ee:22:10;ny85qfvz
52:54:00:0d:0c:9a;jq92iequ
52:54:00:b3:cc:cf;hk83jvms
52:54:00:cb:90:1f;tv62xush
52:54:00:0f:3c:22;mt79yylr
52:54:00:a4:7f:db;nd52cjpy
52:54:00:38:b3:b3;un18wuqt
52:54:00:9b:4b:fc;yp32nacy
52:54:00:ed:d6:da;di87gnla
52:54:00:7f:b8:fa;oq84smzm
52:54:00:be:54:5b;yr87ipjm
52:54:00:2a:f3:d9;we56ikwg
52:54:00:9a:ec:bd;no84ljfe
52:54:00:34:8a:0c;ar30pprq
52:54:00:22:4f:bb;ga12mwrm
52:54:00:6e:ee:63;an09kxjl
52:54:00:63:4a:1c;iw93ezrc
52:54:00:1c:b9:7d;si89dwkc
52:54:00:c9:25:a0;ry36kodq
52:54:00:39:66:50;yb08yetc
52:54:00:ee:01:d3;xs34jchs
52:54:00:04:5d:1e;ti91jiex
52:54:00:50:5d:07;dr05tuea
52:54:00:e3:9e:60;he84pzme
52:54:00:f6:84:1f;oq84smzm
52:54:00:4f:10:38;eq13xqea
52:54:00:63:cb:ef;sw44jckl
52:54:00:3b:8c:ec;wg24udmw
52:54:00:25:53:07;wg79albs
52:54:00:20:fb:52;tg35tpvu
52:54:00:e9:9e:a6;gc32akgm
52:54:00:68:0c:2e;qr87drmz
52:54:00:be:a4:c8;ee68ikji
52:54:00:e4:38:0f;px97rehz
52:54:00:1a:1e:f1;jp43dumy
52:54:00:62:46:c9;ce19gksl
52:54:00:90:80:67;zj30fnqh
52:54:00:4c:01:9e;yv49uuej
52:54:00:d8:86:a3;rb14zgmy
52:54:00:fd:4b:b4;ee68ikji
52:54:00:3c:10:38;gz62bxio
52:54:00:90:84:02;xv79zwfh
52:54:00:b0:17:1b;yg72rpel
52:54:00:a1:8a:1d;vu95dghq
52:54:00:65:79:21;eg26heyv
52:54:00:a4:51:76;hl77kjae
52:54:00:15:f6:b9;zh99yduf
52:54:00:86:d0:aa;jf91juqw
52:54:00:45:f3:74;zq86ihpp
52:54:00:d2:7c:36;yr88hllb
52:54:00:ff:52:51;nk56thzj
52:54:00:82:f2:31;et29lqaf
52:54:00:96:f3:ca;hg78gccu
52:54:00:bd:51:2d;an09kxjl
52:54:00:42:fb:43;qu91wdvw
52:54:00:c1:e7:d0;ra60lpju
52:54:00:87:b3:6c;yr88hllb
52:54:00:6c:73:d0;yy70cunj
52:54:00:e1:fe:1c;jx25lgzi
52:54:00:a6:6b:34;cq32zrck
52:54:00:5d:52:ae;oq84smzm
52:54:00:9f:5f:ed;qt89palf
52:54:00:41:ff:0b;vq25yvwg
52:54:00:37:26:bd;ac57sork
52:54:00:10:15:f6;ej26fnis
52:54:00:85:10:5a;ca91rvgt
52:54:00:98:2a:6b;av56ilmt
52:54:00:60:64:2e;ba11zbkd
52:54:00:e4:2c:34;np22vydg
52:54:00:97:f6:dc;rb50ting
52:54:00:2b:b1:f2;cn69ezvx
52:54:00:5d:0c:a4;gd70ywjd
52:54:00:82:55:51;gc00lvph
52:54:00:bf:86:64;ie54uxho
52:54:00:69:4d:a7;ee68ikji
52:54:00:e2:d0:38;yr88hllb
52:54:00:eb:c8:4b;si32sphf
52:54:00:c3:55:5f;hc57nmuz
52:54:00:70:e9:00;uu89mukx
52:54:00:66:75:91;tb73mjnd
52:54:00:21:0f:a7;ga57hrsh
52:54:00:67:f7:b1;ij68dgvv
52:54:00:d7:f0:13;zu99dhtr
52:54:00:83:35:0d;py17yuux
52:54:00:dc:99:8e;cr12scnx
52:54:00:d4:9c:90;ut40wmfd
52:54:00:f8:66:b6;uz12tkcb
52:54:00:13:cb:78;vu95dghq
52:54:00:45:07:15;kz40pjzh
52:54:00:27:e8:27;nt71uujh
52:54:00:cf:7c:18;st22mnxd
52:54:00:50:c7:3e;sq88aori
52:54:00:bc:c5:e3;cj37apux
52:54:00:4c:9f:c9;wc75qeux
52:54:00:34:c3:11;cb33dnxa
52:54:00:c1:db:3b;tc82vgli
52:54:00:73:a8:e2;cz30nflh
52:54:00:29:c4:24;kf06ybpn
52:54:00:06:03:a5;tu58xuca
52:54:00:42:ac:fe;zy11uygr
52:54:00:29:72:f2;jj06ocrf
52:54:00:dc:9c:61;ze11xppr
52:54:00:14:d3:9f;ak82uswk
52:54:00:f6:37:01;dd08xctx
52:54:00:9f:d3:fb;tf85ggse
52:54:00:b0:97:ca;wc89pzjo
52:54:00:02:b5:70;ja09oofq
52:54:00:a3:c9:23;oi16qbhb
52:54:00:a4:25:30;bm95dxml
52:54:00:e9:a7:f3;cd26qrin
52:54:00:47:f1:18;az76ycwa
52:54:00:eb:0d:a3;do46tqvz
52:54:00:5f:9c:e6;cy47ayhf
52:54:00:40:41:21;gi66mxsk
52:54:00:3c:00:1c;xb35owwr
52:54:00:96:20:38;mq18ilgm
52:54:00:c7:5c:e5;aw75jmkp
52:54:00:ce:97:40;wh33kjbx
52:54:00:f3:d3:f5;rv51ydpu
52:54:00:71:7d:1e;st83pemm
52:54:00:dd:6e:c9;ff69cgst
52:54:00:39:41:70;dh94iznt
52:54:00:01:88:b2;ud66zaef
52:54:00:ee:7e:c6;dg71czlj
52:54:00:ba:7a:e4;qr73znsf
52:54:00:b5:79:e9;ag22fwcc
52:54:00:ca:5f:47;hq37fykq
52:54:00:99:60:55;wj82iokv
52:54:00:90:79:25;pj08vdzn
52:54:00:09:cc:02;ep70owct
52:54:00:85:3b:e3;wh82njyb
52:54:00:ed:7e:2a;cs23dojw
52:54:00:6f:1e:05;nr49snle
52:54:00:19:bc:8b;cp45klsa
52:54:00:c6:b9:75;xf35zlmg
52:54:00:72:0e:65;ql16zmdt
52:54:00:26:9a:70;fx85bycz
52:54:00:e2:2d:54;dl33surt
52:54:00:51:df:df;cb57aorw
52:54:00:a1:88:f6;gi66mxsk
52:54:00:36:e5:f3;ie97yzmo
52:54:00:9f:bd:14;cb57aorw
52:54:00:9e:b0:66;rk13jaml
52:54:00:ce:8f:71;um11jslz
52:54:00:3f:8f:67;da80owaa
52:54:00:09:06:ad;ro09oeok
52:54:00:0f:c0:0f;ru84krqh
52:54:00:0e:f8:68;fl66ywdm
52:54:00:3a:49:28;rd31rqde
52:54:00:0d:76:7c;bf41khfi
52:54:00:48:0a:5f;qv97bvbl
52:54:00:a8:af:d1;ex53obix
52:54:00:a2:ef:61;jp07mjzl
52:54:00:cc:be:21;ta21olhb
52:54:00:c2:37:fa;xu48iqpx
52:54:00:e7:a8:1c;hr52hnjr
52:54:00:cb:94:46;oa47cwqj
52:54:00:51:e8:fb;fs80zlyo
52:54:00:4a:71:98;ww67cfpd
52:54:00:fe:92:e4;yr83lait
52:54:00:92:4f:39;cd26toil
52:54:00:14:0b:eb;rq71vird
52:54:00:b1:ff:e6;pq91efpw
52:54:00:72:87:92;mb10vkqu
52:54:00:c4:b7:e4;im85xtal
52:54:00:fd:18:94;di67eekl
52:54:00:c6:26:3d;on66qpft
52:54:00:be:59:13;st04wxfo
52:54:00:09:d5:63;uv62gatw
52:54:00:52:5c:41;fj19ghlm
52:54:00:d9:68:6e;zq86ihpp
52:54:00:fa:98:df;gd43tocn
52:54:00:1f:fe:dc;aq69hngw
52:54:00:93:8e:a6;oi16qbhb
52:54:00:60:03:9f;ac68mefx
52:54:00:bc:1c:a6;ti91jiex
52:54:00:72:8c:e7;qw10ahyz
52:54:00:d5:fa:10;ls17uono
52:54:00:94:69:04;bx92vjop
52:54:00:5f:3b:51;pl08zsuw
52:54:00:18:f6:8f;kh64bnbx
52:54:00:1b:57:80;aa07jngo
52:54:00:04:a6:8f;sh00mpmp
52:54:00:89:e7:fc;zc59sgfh
52:54:00:de:b7:a8;pj08vdzn
52:54:00:a1:07:d4;tv51pdtk
52:54:00:59:3c:5c;mr60vbbs
52:54:00:06:d3:27;qw10ahyz
52:54:00:ed:b2:d0;tr62yebz
52:54:00:de:aa:b7;tc80lhqj
52:54:00:06:00:47;oc49vewh
52:54:00:65:83:ba;xc48bldz
52:54:00:2b:6a:06;jl59qqvr
52:54:00:52:ad:d6;rh82edsb
52:54:00:2c:97:f9;wa10ffxx
52:54:00:ba:25:4e;iy38cewn
52:54:00:30:2d:b5;rv80iqwz
52:54:00:3d:58:17;iz44oszi
52:54:00:da:ff:17;in59swcs
52:54:00:27:bd:db;jv38shds
52:54:00:be:e7:6c;au39ahsa
52:54:00:5b:97:4d;kg33uexu
52:54:00:d5:1c:5f;qm69zgbk
52:54:00:72:7e:63;dd29tuht
52:54:00:7e:b4:a4;zj30fnqh
52:54:00:f8:17:37;vh07iycr
52:54:00:df:1a:ff;xp28sczd
52:54:00:fc:45:f1;ry15fbif
52:54:00:e0:66:3b;np22vydg
52:54:00:4b:3c:d3;ar25docw
52:54:00:dd:cc:80;fj19ghlm
52:54:00:2c:85:38;dc72knzb
52:54:00:19:23:a4;qm54kotn
52:54:00:b8:85:63;ar70teeu
52:54:00:f9:d0:6f;qr73znsf
52:54:00:c6:74:88;hf03irvy
52:54:00:49:bb:84;ks62auep
52:54:00:52:af:3f;ry72zgnh
52:54:00:b9:f8:83;uv62gatw
52:54:00:16:23:48;ml91mgeq
52:54:00:c3:05:db;xs34jchs
52:54:00:0d:df:4c;uz61xtvm
52:54:00:95:58:ca;yk03clmz
52:54:00:b7:fd:03;gx37gmwu
52:54:00:e2:19:a3;nz86cvad
52:54:00:4b:ff:86;oq84smzm
52:54:00:32:9e:0e;fy32jnjf
52:54:00:63:62:c4;no84ljfe
52:54:00:fe:85:54;ti52dgrg
52:54:00:85:72:87;xa58nisr
52:54:00:75:79:8e;bp83tdev
52:54:00:ce:b0:71;eq13xqea
52:54:00:9b:cc:a4;ob66hpla
52:54:00:d7:aa:4a;wd96quvy
52:54:00:51:4e:af;ye55hdbi
52:54:00:e2:22:6a;an09kxjl
52:54:00:4f:97:a6;lb86rrxd
52:54:00:32:08:12;ie97yzmo
52:54:00:f8:20:71;bp83tdev
52:54:00:ba:07:85;kh78oxvp
52:54:00:c0:d4:61;dq10xslb
52:54:00:68:ed:07;eq13xqea
52:54:00:14:5b:1b;nb49vcsr
52:54:00:f3:c9:93;rm28udsf
52:54:00:75:23:2c;qg79jdyn
52:54:00:5d:40:19;jm55kyev
52:54:00:3d:d2:9a;zm67hxla
52:54:00:6e:cd:df;kf06ybpn
52:54:00:87:64:97;fd60akti
52:54:00:94:fd:f7;fx85bycz
52:54:00:48:af:9c;aq55kjwg
52:54:00:aa:72:ff;bp16wshh
52:54:00:e7:b2:6f;jl71ydbd
52:54:00:e3:0e:7d;sg05nztn
52:54:00:76:de:42;va36yzti
52:54:00:2d:10:3e;hr52hnjr
52:54:00:78:84:e7;hu52nluf
52:54:00:2d:ea:cd;vc91brni
52:54:00:35:25:73;np93kxke
52:54:00:fb:11:ad;jh60rfus
52:54:00:50:45:9c;fp98foxr
52:54:00:0d:0a:3d;je66xqum
52:54:00:88:c8:dc;ex21gaax
52:54:00:f5:4b:c5;it27ulmu
52:54:00:47:6e:ea;mj56ixjv
52:54:00:ff:3e:27;po77quzm
52:54:00:55:85:7f;we56ikwg
52:54:00:9a:68:8a;nw48vxhs
52:54:00:ba:66:d6;cq32zrck
52:54:00:8b:80:84;wk04qqpv
52:54:00:84:21:ed;gb37lidd
52:54:00:ed:8d:52;ix84sind
52:54:00:da:a7:61;ug44uhhc
52:54:00:8d:b2:8a;xb27molt
52:54:00:7e:02:4f;vd29ucqy
52:54:00:79:49:7b;ej53aeds
52:54:00:59:71:79;pw32akbk
52:54:00:5c:70:b0;hf36lncw
52:54:00:c7:58:df;ey75nlsa
52:54:00:1f:dd:f1;tb00sgfr
52:54:00:b3:59:3e;ir91bktm
52:54:00:85:7d:93;xs34jchs
52:54:00:8e:c6:54;lq49xljm
52:54:00:30:68:e5;eo82jhvw
52:54:00:40:51:65;mi17gimd
52:54:00:76:db:4e;yr83lait
52:54:00:6e:eb:c2;xv79zwfh
52:54:00:f4:3c:21;mj71msme
52:54:00:22:f4:02;pj08vdzn
52:54:00:bc:c8:81;jp57bcjh
52:54:00:3f:c7:56;zz96vgnx
52:54:00:b8:6b:61;tm08jeyo
52:54:00:1c:fd:84;hf03irvy
52:54:00:84:82:d2;nm17vdks
52:54:00:81:30:5f;cd26toil
52:54:00:ae:4c:69;dv98ueue
52:54:00:d2:be:f8;xx10svnw
52:54:00:36:ef:17;zq86ihpp
52:54:00:09:83:e3;kf55yleh
52:54:00:f4:41:1b;vi01cbdo
52:54:00:b3:ad:9a;gp28tjqx
52:54:00:8a:48:0a;kv51rnta
52:54:00:c4:2f:0a;fn18ckhi
52:54:00:90:61:0c;eg26heyv
52:54:00:66:9b:ce;dr05tuea
52:54:00:a8:39:7e;jl59qqvr
52:54:00:17:26:2f;ce96afxx
52:54:00:d5:7b:af;yv41vccb
52:54:00:10:2b:35;xo62untm
52:54:00:dd:84:ab;gw42lqtf
52:54:00:62:80:95;cg60iukp
52:54:00:2b:16:cf;yv68autr
52:54:00:f6:4e:3d;rj76wjla
52:54:00:41:ab:b6;oe74qcmu
52:54:00:f1:12:86;dv98ueue
52:54:00:9b:73:8e;ep70owct
52:54:00:b0:5a:33;fs20usfz
52:54:00:98:56:e3;wp41cxag
52:54:00:ea:43:61;dl40ryaz
52:54:00:5d:ad:4a;jn13lphv
52:54:00:ab:7e:d2;li40nmks
52:54:00:b6:44:bc;jj54yqlo
52:54:00:aa:13:d2;ys22qosp
52:54:00:ff:df:3f;gw42lqtf
52:54:00:d7:01:33;ci56gkge
52:54:00:9d:0d:cd;hc57nmuz
52:54:00:15:1b:e3;cw39xnqc
52:54:00:47:c7:7a;rv74bhzr
52:54:00:8b:ac:c6;bh46qisn
52:54:00:32:43:f0;lu87nnnu
52:54:00:c9:38:be;pl08zsuw
52:54:00:04:3a:53;wh33kjbx
52:54:00:7c:6f:5b;cw66ijfi
52:54:00:d5:54:3a;pt04skgn
52:54:00:86:0d:7c;oj29wgpa
52:54:00:c2:b6:57;nc13hhkp
52:54:00:ce:6b:84;aa12wkos
52:54:00:cb:bc:8d;dz66ssgv
52:54:00:d0:87:ff;lf35smai
52:54:00:45:75:d0;xf35zlmg
52:54:00:b2:ef:ef;cn69ezvx
52:54:00:17:f3:08;zm52ruez
52:54:00:43:89:e6;fv17mmgq
52:54:00:8e:b8:14;ha37cyns
52:54:00:28:c2:cc;xy79arce
52:54:00:98:69:b8;vq25yvwg
52:54:00:db:fb:e9;qn06svaj
52:54:00:85:ce:45;yp32nacy
52:54:00:f7:2f:2e;po17tisl
52:54:00:54:90:2f;wz38ebgo
52:54:00:15:b0:2c;lv07apuj
52:54:00:29:68:29;qi78unuj
52:54:00:65:51:d1;ag22fwcc
52:54:00:77:92:fd;lv07apuj
52:54:00:ea:1d:f3;cj66wqib
52:54:00:60:00:5a;vk84gvki
52:54:00:96:5e:d5;jq86avgf
52:54:00:e4:0f:e9;vk33irvb
52:54:00:74:3b:67;ph15xewe
52:54:00:3e:1e:c5;pt04skgn
52:54:00:c2:19:dc;tf58pzih
52:54:00:a4:93:c6;sh91xgkt
52:54:00:70:e1:1e;ij68dgvv
52:54:00:58:b9:98;hk58vada
52:54:00:4f:41:13;cw66ijfi
52:54:00:5e:be:df;fa31zwdx
52:54:00:ef:4f:1b;ip80nwsj
52:54:00:3c:27:37;zw47xbvn
52:54:00:3d:64:f6;rc02pkst
52:54:00:60:3c:22;rr75enwe
52:54:00:8c:f5:08;cq32zrck
52:54:00:a9:1b:58;pz84dkaq
52:54:00:ce:a7:2e;yr88hllb
52:54:00:63:eb:32;nc35xyqi
52:54:00:11:c6:bd;ud29ssyw
52:54:00:e6:53:9d;cc62iqem
52:54:00:78:0e:28;vh37rxxg
52:54:00:7f:5e:35;dd33moji
52:54:00:9c:b4:fa;xo62untm
52:54:00:96:cd:f8;br05tigx
52:54:00:7f:72:e3;me02acfn
52:54:00:7d:69:97;xq96itwn
52:54:00:32:de:e1;an18fdsf
52:54:00:1e:9a:c4;ft38ftjd
52:54:00:82:4a:ed;zj71ipsy
52:54:00:eb:27:f1;ga57hrsh
52:54:00:d2:81:14;nt59yzsg
52:54:00:53:ac:f5;dt49etcn
52:54:00:48:23:f4;ar70teeu
52:54:00:2c:40:be;lo86nqut
52:54:00:f0:d7:71;xh22hzgz
52:54:00:a2:c9:e8;fy20ehsb
52:54:00:e4:6f:51;qa81zkrx
52:54:00:2e:98:60;ob07hmgr
52:54:00:0b:c7:68;xp67pokt
52:54:00:fc:09:e3;rq98xeeb
52:54:00:8c:b7:c1;va36yzti
52:54:00:c8:4e:a1;ee68ikji
52:54:00:26:61:47;jv38shds
52:54:00:ce:af:b4;ky11erev
52:54:00:98:17:0b;yn84yidi
52:54:00:f6:cb:85;ni64rbwc
52:54:00:8e:73:b1;ic71pvov
52:54:00:39:b8:2f;ob66hpla
52:54:00:1c:a2:c0;mg55adsv
52:54:00:ba:5f:2c;fu72injf
52:54:00:d9:4a:95;yz05qslp
52:54:00:62:fe:91;zm48yxxw
52:54:00:15:b5:e4;mk00ivxk
52:54:00:92:b7:af;mi17gimd
52:54:00:8e:d1:a6;du77erxz
52:54:00:b3:b2:41;lv07apuj
52:54:00:a8:57:07;rt89vjrg
52:54:00:8b:02:d1;tg62dadx
52:54:00:7a:31:64;bp08ljks
52:54:00:31:aa:3f;kr71mvmz
52:54:00:77:99:c3;hk83jvms
52:54:00:09:9e:83;fs09pebn
52:54:00:82:a7:ca;lx12tira
52:54:00:ec:9e:c9;ze12wrmq
52:54:00:7b:5c:52;st04wxfo
52:54:00:b2:50:28;cl76rldw
52:54:00:5e:60:ed;jj54yqlo
52:54:00:0a:4f:25;mi28gnlp
52:54:00:c2:72:20;uh85dvyy
52:54:00:44:b2:93;je68hajl
52:54:00:89:e2:5f;xu37zkjv
52:54:00:80:ae:1c;dr99onmw
52:54:00:2d:6c:5f;cg86ybxx
52:54:00:f2:5b:bd;gw42lqtf
52:54:00:05:b7:e4;fz72gscs
52:54:00:36:f7:d1;nf87tagr
52:54:00:67:89:4d;uo88cwbe
52:54:00:44:18:57;qm08ygwn
52:54:00:78:37:63;lz54fqxf
52:54:00:d3:38:34;fr99bcte
52:54:00:17:0c:e5;ha60kkbe
52:54:00:5f:40:6d;cv10zxpp
52:54:00:b1:c2:11;yp98iyyd
52:54:00:11:5b:ab;uq36njhw
52:54:00:c6:bb:fc;wz44xqho
52:54:00:96:55:1a;rr26mmoq
52:54:00:14:e3:e5;xp67pokt
52:54:00:2c:8d:a2;gr14qhpd
52:54:00:50:7c:41;ua20wvbp
52:54:00:36:cb:49;gc54qvpa
52:54:00:5a:71:28;ey75nlsa
52:54:00:35:a4:8c;ta21olhb
52:54:00:a8:1e:d6;sq88aori
52:54:00:76:4a:aa;mh88gugz
52:54:00:5d:ac:16;vw56jbyt
52:54:00:74:4d:a3;yk03clmz
52:54:00:93:40:4e;nt59yzsg
52:54:00:52:a1:88;gr14qhpd
52:54:00:e2:69:fd;le19vrwx
52:54:00:94:61:0d;ai56gmeu
52:54:00:3d:ab:e5;pl14ufae
52:54:00:8c:56:6b;aw24glqu
52:54:00:26:e0:6e;cc02choc
52:54:00:3a:01:4c;be56njgm
52:54:00:94:e4:61;ez02ydbj
52:54:00:21:99:83;bf41khfi
52:54:00:80:2e:b7;ip80nwsj
52:54:00:df:e3:8c;su69opan
52:54:00:ec:9e:e4;zg71gdcg
52:54:00:24:b4:7f;ym80xblt
52:54:00:ba:8d:dd;rz81ifnn
52:54:00:a9:28:5e;ts93qmru
52:54:00:dc:9b:7e;ob66hpla
52:54:00:c6:13:b9;do46tqvz
52:54:00:0f:34:34;rv51ydpu
52:54:00:73:8a:5c;cp45klsa
52:54:00:7c:9d:5f;hr33bmpx
52:54:00:f0:64:c4;kf55yleh
52:54:00:2d:6a:94;hf42hryx
52:54:00:a1:db:c9;jm55kyev
52:54:00:04:7f:44;dz22vjjk
52:54:00:83:ee:27;fs80zlyo
52:54:00:c5:5b:dd;ft38ftjd
52:54:00:08:36:80;rz68aeoy
52:54:00:fa:bf:78;sh91xgkt
52:54:00:63:8a:db;vr79sonc
52:54:00:c3:22:4e;cj66wqib
52:54:00:37:5e:a3;mk87iobs
52:54:00:7f:cd:cd;fi55mcph
52:54:00:83:33:9c;bu98kggv
52:54:00:53:0e:7d;bm12vpsx
52:54:00:86:c7:53;he60apha
52:54:00:e7:35:3e;pq91efpw
52:54:00:a9:b2:82;yy63xzgk
52:54:00:34:3d:e9;sy72cxmk
52:54:00:36:a3:7b;au39ahsa
52:54:00:49:70:d7;yb08yetc
52:54:00:7a:64:21;xa36znox
52:54:00:c0:1d:8d;uq36njhw
52:54:00:b0:80:f4;bc07rkni
52:54:00:73:da:b6;pl08zsuw
52:54:00:d6:25:21;xh22hzgz
52:54:00:71:d0:22;ty31inkq
52:54:00:66:f3:e2;zy68ngkk
52:54:00:eb:27:e0;qu91wdvw
52:54:00:cb:03:9d;mr60vbbs
52:54:00:6f:2c:87;uo08uycf
52:54:00:12:d1:6f;mt79sshv
52:54:00:fe:d6:a4;qt09pokw
52:54:00:7f:6b:a6;cq32zrck
52:54:00:25:d5:39;ry72zgnh
52:54:00:02:10:88;mv83dstl
52:54:00:17:05:5f;fx85bycz
52:54:00:bb:6e:f8;ji36giai
52:54:00:ca:dd:c9;qh57zlqw
52:54:00:3f:d6:24;bc07rkni
52:54:00:1e:f2:71;gd67jvrh
52:54:00:dd:b3:ad;mj56ixjv
52:54:00:49:ad:4b;rt89vjrg
52:54:00:d1:f5:b6;wh33kjbx
52:54:00:14:f1:8b;tm08jeyo
52:54:00:11:c3:4d;rf77tqnx
52:54:00:5f:ce:83;mj71msme
52:54:00:63:00:47;va36yzti
52:54:00:b6:80:58;hr14wsag
52:54:00:3b:f4:b6;ol30kepv
52:54:00:87:ca:64;zg71gdcg
52:54:00:d4:3f:7e;on66qpft
52:54:00:28:12:9b;yr83lait
52:54:00:1b:ba:29;dd29tuht
52:54:00:e5:0c:d8;rc62poci
52:54:00:12:7a:15;wp41cxag
52:54:00:6e:0f:c8;jz04bxlh
52:54:00:f1:c5:f2;nz21fdgw
52:54:00:2e:82:63;gq10wzkd
52:54:00:74:db:d3;ec07ilxj
52:54:00:50:ee:d2;dg71czlj
52:54:00:95:d0:1b;dh94iznt
52:54:00:ff:26:47;yg72rpel
52:54:00:96:bb:e7;ca91rvgt
52:54:00:1c:72:c2;mf41vtxd
52:54:00:de:f3:a8;ee63fvmi
52:54:00:be:5b:df;ys85phzu
52:54:00:aa:92:6b;yr03gvsi
52:54:00:8f:52:05;wq55wiur
52:54:00:4b:9d:e5;nc16mcxc
52:54:00:6b:8b:f0;hf40fgzq
52:54:00:0a:2b:bb;yd72wkev
52:54:00:95:90:48;he60apha
52:54:00:cd:26:66;he60apha
52:54:00:1e:e3:8f;zw20mfhn
52:54:00:74:a0:37;jt29shyq
52:54:00:64:cd:d5;rz81ifnn
52:54:00:b9:20:c6;eo10jruf
52:54:00:35:34:c1;tb15wcce
52:54:00:cd:ee:7e;zk43mkel
52:54:00:e4:f9:a3;rv74bhzr
52:54:00:06:78:81;fn18ckhi
52:54:00:85:7a:e0;pw65ldvk
52:54:00:6d:2e:05;hr33bmpx
52:54:00:c6:e7:19;uj16etar
52:54:00:e4:04:82;vt56rbaf
52:54:00:a0:a3:9c;mw90munf
52:54:00:cd:97:5f;yr94uyff
52:54:00:56:92:3a;ar25docw
52:54:00:7e:5f:9e;sw81dowu
52:54:00:fd:5f:79;bc68bzsl
52:54:00:cf:b1:b6;cd41atlp
52:54:00:64:11:41;rf12bfaj
52:54:00:88:58:e9;mj93uims
52:54:00:a7:53:d2;nn64oqfi
52:54:00:52:fc:7f;ya30ftsz
52:54:00:f9:20:aa;ph15xewe
52:54:00:57:f0:b8;mi17gimd
52:54:00:d8:9c:ad;bt85qfqi
52:54:00:09:49:12;gb37lidd
52:54:00:df:9b:3d;ia89somp
52:54:00:b2:9b:2b;gr14qhpd
52:54:00:25:84:15;bj01qqga
52:54:00:c6:85:92;ru85eohq
52:54:00:a5:a8:2d;wj84kpib
52:54:00:d0:15:5a;dd29tuht
52:54:00:52:aa:c3;ai47aakh
52:54:00:08:04:2c;be12nedp
52:54:00:11:2c:8f;qw79vhkg
52:54:00:4f:60:f8;zm79zjvt
52:54:00:33:a1:8f;br05tigx
52:54:00:ef:95:d3;ik06qnjh
52:54:00:aa:56:9e;hf03irvy
52:54:00:70:af:2d;ut59zdyn
52:54:00:6a:f1:0c;ej53aeds
52:54:00:b7:27:e0;ba11zbkd
52:54:00:da:80:3f;yv41vccb
52:54:00:72:dd:fd;gl66owqc
52:54:00:93:24:39;ui68syso
52:54:00:44:39:e4;rw74zotq
52:54:00:7b:d4:8c;lu31czmu
52:54:00:27:5b:63;gq75mfcf
52:54:00:dd:27:93;yk40vjau
52:54:00:f7:c6:de;ol17latc
52:54:00:f2:dd:d5;rv80iqwz
52:54:00:0d:11:5b;uh85dvyy
52:54:00:24:ef:54;ac68mefx
52:54:00:73:ec:85;wv93zera
52:54:00:43:14:27;vk34keoi
52:54:00:6e:8f:15;se67ikwa
52:54:00:63:05:4b;fs20usfz
52:54:00:8d:1c:09;kp83pcnh
52:54:00:05:9d:d2;xb46rxld
52:54:00:de:83:e3;mo85xaxq
52:54:00:ac:71:41;zu99dhtr
52:54:00:74:01:d5;ho70gwmm
52:54:00:d7:a5:38;lq49xljm
52:54:00:f9:1f:5f;ha42tvqw
52:54:00:1d:23:f2;yd43vxwv
52:54:00:d6:ee:82;ql96phua
52:54:00:b7:e9:c1;uo08uycf
52:54:00:c6:3d:f6;mh95mdrg
52:54:00:40:b8:da;ug44uhhc
52:54:00:d8:0f:52;mw40cuiz
52:54:00:cc:16:ac;pq45ykoc
52:54:00:99:b2:f7;jd66wnmj
52:54:00:52:6b:00;oe74qcmu
52:54:00:6a:4f:52;uo88cwbe
52:54:00:c8:03:9d;yr83lait
52:54:00:d3:d7:65;mo85xaxq
52:54:00:7a:7e:1c;wz44xqho
52:54:00:62:4f:c2;ha42tvqw
52:54:00:d3:a4:27;tn02ztqw
52:54:00:08:7a:60;cd26toil
52:54:00:c9:e2:97;af31avqs
52:54:00:1a:16:53;ld82dkqu
52:54:00:8c:d1:26;wj84kpib
52:54:00:f0:11:9c;ut59zdyn
52:54:00:a1:a2:1d;fe09cngd
52:54:00:d0:84:2e;jq01yter
52:54:00:7f:c3:93;jl59qqvr
52:54:00:86:cf:51;ha37cyns
52:54:00:25:80:35;ff69cgst
52:54:00:67:1e:e1;eu32iglh
52:54:00:85:c2:59;jr93jdzo
52:54:00:a1:a3:46;wt07sfkw
52:54:00:65:c5:4a;nw48vxhs
52:54:00:c4:bb:bd;fl82ixmv
52:54:00:95:32:4b;rj76wjla
52:54:00:0d:e6:cd;hf24mkfk
52:54:00:2f:35:f2;aq69hngw
52:54:00:04:e1:b6;yy17pwvr
52:54:00:6d:78:fe;qi78unuj
52:54:00:9a:ab:7a;dv98ueue
52:54:00:a6:13:8b;hc57nmuz
52:54:00:f4:28:ae;be12nedp
52:54:00:cb:1e:3e;rz68aeoy
52:54:00:a5:68:95;un18wuqt
52:54:00:c1:7e:03;iw69wjyc
52:54:00:66:33:e7;np93kxke
52:54:00:c6:87:41;ip80nwsj
52:54:00:e3:0f:3f;hr47xnks
52:54:00:78:f5:4b;js05cqhu
52:54:00:d2:8a:7c;jk30ojbd
52:54:00:2c:3c:2f;zn49wnyg
52:54:00:95:6d:7a;tu39wrsa
52:54:00:79:f1:71;ml91mgeq
52:54:00:f6:cb:5e;ld00kzbj
52:54:00:88:66:b9;ca91rvgt
52:54:00:c6:fd:bd;oc31cydx
52:54:00:bf:40:d7;kp83pcnh
52:54:00:8c:71:d0;rz81ifnn
52:54:00:28:2a:cb;pz24gxjp
52:54:00:d8:aa:73;zy11uygr
52:54:00:f6:73:f7;hf36lncw
52:54:00:8b:e7:54;jy95wllt
52:54:00:52:e4:19;rr75enwe
52:54:00:5f:6e:fb;si32sphf
52:54:00:51:f8:4d;fl82ixmv
52:54:00:a4:b8:ea;jt26iyqg
52:54:00:9a:91:ea;tl99efvj
52:54:00:6c:aa:73;gq41spuh
52:54:00:5f:96:51;jv45aqgz
52:54:00:64:ab:9e;eq20ardb
52:54:00:69:fa:44;pq91efpw
52:54:00:e0:cd:18;gb37lidd
52:54:00:d6:81:ed;sb48vesf
52:54:00:a5:d5:e6;yd43vxwv
52:54:00:18:e7:58;kp83pcnh
52:54:00:9f:58:6b;si48ffqw
52:54:00:0a:d0:26;rf12bfaj
52:54:00:6e:50:c3;kj14efea
52:54:00:6e:d7:48;xv79zwfh
52:54:00:77:02:70;jt26iyqg
52:54:00:00:a0:00;jq86avgf
52:54:00:48:95:a9;hf24mkfk
52:54:00:93:00:02;le19vrwx
52:54:00:91:93:4b;vk84gvki
52:54:00:33:99:90;qv97bvbl
52:54:00:95:ad:01;ij68dgvv
52:54:00:85:e0:2d;ha42tvqw
52:54:00:a5:82:9c;wu18qlex
52:54:00:89:92:1d;mj99ztuk
52:54:00:4d:79:9e;ab05ryqo
52:54:00:6a:6c:e7;dh94iznt
52:54:00:ad:f1:1f;bv91ypnr
52:54:00:25:be:9f;nf87tagr
52:54:00:31:e2:6c;ob66hpla
52:54:00:95:b6:8f;nn12stfk
52:54:00:17:51:1d;rr26mmoq
52:54:00:f2:35:c4;gh84bjop
52:54:00:0c:ec:a7;wj82iokv
52:54:00:c7:5a:c6;to13ftff
52:54:00:9e:c9:c4;pj08vdzn
52:54:00:ec:d3:15;oj60nkxm
52:54:00:34:4b:31;un18wuqt
52:54:00:4a:de:3c;fg24tjbs
52:54:00:12:06:b7;di79kapk
52:54:00:7b:6e:c0;iq24ncyn
52:54:00:24:94:4d;kj14efea
52:54:00:13:3f:f9;ex53obix
52:54:00:f7:14:7d;zc95qanb
52:54:00:12:ab:04;pj08vdzn
52:54:00:f9:f5:7e;wb40lnhe
52:54:00:2a:eb:0f;do59lbtm
52:54:00:c9:19:39;ui68syso
52:54:00:e3:a2:74;mt03apoh
52:54:00:3c:cb:8a;cx93emcs
52:54:00:7a:08:8c;wm60jdvl
52:54:00:40:f7:f8;co99joem
52:54:00:52:a9:a7;au39ahsa
52:54:00:48:72:3d;un56xsod
52:54:00:87:02:e2;ui68syso
52:54:00:9b:45:c2;xa58nisr
52:54:00:03:94:06;ws73iwtx
52:54:00:27:5a:60;iy38cewn
52:54:00:f0:c2:6d;rd31rqde
52:54:00:fe:1a:7f;wg15rwoe
52:54:00:74:19:46;gq41spuh
52:54:00:63:7f:5a;by36lcle
52:54:00:fc:4b:f4;iw69wjyc
52:54:00:09:b9:2c;wn92fcyz
52:54:00:6f:7c:f8;tb00sgfr
52:54:00:c6:81:00;hf03irvy
52:54:00:97:42:4d;ir91bktm
52:54:00:a3:97:84;cb33dnxa
52:54:00:fc:06:0e;yp98iyyd
52:54:00:1e:18:ef;pa91grwv
52:54:00:06:91:00;ry72zgnh
52:54:00:a5:eb:ec;zm48yxxw
52:54:00:8e:7e:e7;zy68ngkk
52:54:00:12:a1:91;ie97yzmo
52:54:00:27:1d:78;fx68yeee
52:54:00:2b:9e:be;oi93caru
52:54:00:2a:4d:8f;ko98lvft
52:54:00:79:54:30;po87loeq
52:54:00:f6:b9:73;de46upgx
52:54:00:22:47:c5;eb05byof
52:54:00:27:f0:2a;jw09yaim
52:54:00:88:7e:00;it04xant
52:54:00:5b:f3:e6;ha37cyns
52:54:00:c7:c2:c9;fs20usfz
52:54:00:ad:2c:50;nn12stfk
52:54:00:38:51:2f;an18fdsf
52:54:00:06:2f:5e;ye55hdbi
52:54:00:a3:b7:6f;si89dwkc
52:54:00:6a:1b:5f;gh84bjop
52:54:00:49:82:46;jl71ydbd
52:54:00:24:92:a3;hq37fykq
52:54:00:e1:a4:b4;rc02pkst
52:54:00:3c:bb:fa;av13rrbe
52:54:00:36:05:dc;rk13jaml
52:54:00:b1:72:68;vr79sonc
52:54:00:58:75:2f;vr79sonc
52:54:00:86:81:5d;ui68syso
52:54:00:e4:16:86;bc68bzsl
52:54:00:e1:33:2d;nm17vdks
52:54:00:dd:84:3b;oi93caru
52:54:00:2a:a5:71;pz24gxjp
52:54:00:7c:50:29;cn42ficn
52:54:00:82:d7:b1;ld41wqzw
52:54:00:a4:b3:c6;ha37cyns
52:54:00:04:f4:0f;ju93wuwe
52:54:00:02:08:47;za54szvt
52:54:00:79:98:cd;do46tqvz
52:54:00:e1:ae:d4;mj71msme
52:54:00:9f:87:1c;rk13jaml
52:54:00:0a:41:dd;fp98foxr
52:54:00:f2:49:c5;fn96jiut
52:54:00:19:3a:14;ny85qfvz
52:54:00:31:b2:7a;iw93ezrc
52:54:00:7f:43:9e;hu52nluf
52:54:00:bb:fd:0f;mj56ixjv
52:54:00:7e:6c:87;lu31czmu
52:54:00:d0:6d:24;mv93osrz
52:54:00:db:69:a9;ux24yoop
52:54:00:51:81:4e;ij49tjll
52:54:00:36:b3:c6;zk43mkel
52:54:00:57:5f:9b;mq76xzcw
52:54:00:92:1c:3d;qo45mxth
52:54:00:eb:d0:5a;jt29shyq
52:54:00:2d:b8:ae;hx24epbt
52:54:00:b7:2f:0c;jz04bxlh
52:54:00:91:6b:71;wd96quvy
52:54:00:86:91:b5;ob69clam
52:54:00:e3:1c:86;up30xiye
52:54:00:a1:be:de;rn74syly
52:54:00:de:b9:96;dd29tuht
52:54:00:db:ec:6e;wm60jdvl
52:54:00:3e:9e:25;gj66mewk
52:54:00:15:fa:7b;uf97nkyt
52:54:00:c9:0d:79;nz86cvad
52:54:00:48:51:c8;sl35hjrt
52:54:00:30:97:a8;ro09oeok
52:54:00:87:de:85;wh82njyb
52:54:00:db:2f:11;wm89kgzd
52:54:00:12:82:90;zq39vqpk
52:54:00:03:9b:b9;vh37rxxg
52:54:00:6f:47:f5;ld41wqzw
52:54:00:de:1b:99;ar30pprq
52:54:00:45:c0:82;hf24mkfk
52:54:00:2b:b4:46;lr10ziqs
52:54:00:97:89:9d;gf43ypkh
52:54:00:14:c7:c6;cj37apux
52:54:00:c8:00:57;kv21hsyv
52:54:00:4b:04:52;fr99bcte
52:54:00:92:49:5e;cy47ayhf
52:54:00:2f:43:2c;wa10ffxx
52:54:00:3c:de:6f;rc02pkst
52:54:00:49:3b:22;mq76xzcw
52:54:00:05:ab:58;gq41spuh
52:54:00:21:6e:fb;pi57dbpd
52:54:00:67:ea:3a;mh36gwlu
52:54:00:fa:61:55;yf49dfwz
52:54:00:f2:9e:d9;ny85qfvz
52:54:00:5a:af:a4;jk11unww
52:54:00:85:1a:4c;di67eekl
52:54:00:b5:10:84;cp62qcwm
52:54:00:9a:2f:9e;bf41khfi
52:54:00:7e:57:0c;li02yggj
52:54:00:da:df:fa;wz38ebgo
52:54:00:24:71:9f;li02yggj
52:54:00:39:04:d6;ia89somp
52:54:00:8a:d0:a3;yp98iyyd
52:54:00:41:33:37;xb27molt
52:54:00:05:ca:2e;tg62dadx
52:54:00:a8:a8:8b;kh64bnbx
52:54:00:7d:82:0d;ti91jiex
52:54:00:11:b0:f7;vg24iycm
52:54:00:9f:c9:93;zy11uygr
52:54:00:35:8e:c0;vw56jbyt
52:54:00:e7:30:9e;gm77hgxm
52:54:00:28:ac:db;fl36pzis
52:54:00:c7:36:5b;fr99bcte
52:54:00:f8:78:ef;vr66yxml
52:54:00:05:5b:8e;wb40lnhe
52:54:00:80:4e:ca;ah76rksw
52:54:00:79:db:30;nr49snle
52:54:00:67:8f:51;ha60kkbe
52:54:00:86:c4:0f;ar25docw
52:54:00:e2:6f:1a;ys85phzu
52:54:00:ad:df:14;cz38trdo
52:54:00:4c:49:f6;qu64bzwp
52:54:00:e6:8e:b5;xa36znox
52:54:00:84:c3:ca;rx27bbbf
52:54:00:99:82:be;dr91ysqo
52:54:00:0b:04:e5;qw32blqj
52:54:00:0e:72:6b;lw26xywz
52:54:00:ac:bd:1e;zc59sgfh
52:54:00:6a:25:b8;fr27wcqo
52:54:00:0a:36:6b;ux24yoop
52:54:00:ef:38:37;po06rfch
52:54:00:11:7d:c5;qm54kotn
52:54:00:1c:03:da;ai56gmeu
52:54:00:fc:2b:73;az76ycwa
52:54:00:cd:d1:aa;ik20duqr
52:54:00:64:91:d1;zr44xczp
52:54:00:a6:4b:d3;kb68mhhf
52:54:00:eb:02:e2;hk83jvms
52:54:00:74:cd:d2;de46upgx
52:54:00:ab:3f:e9;si25jcgc
52:54:00:40:0d:e1;pa91grwv
52:54:00:ec:00:70;ro09oeok
52:54:00:87:dd:a6;ua92hiut
52:54:00:c1:17:4c;yv49uuej
52:54:00:60:a2:98;yr83lait
52:54:00:30:7f:08;jt26iyqg
52:54:00:39:8f:58;lq49xljm
52:54:00:6f:5a:a8;lp42brjl
52:54:00:db:14:1a;nq03hfal
52:54:00:09:de:78;xa36znox
52:54:00:44:ca:e1;pt07cjdc
52:54:00:8d:f9:11;fd60akti
52:54:00:16:5b:18;wa10ffxx
52:54:00:29:3f:94;su69opan
52:54:00:a1:89:72;ze11xppr
52:54:00:03:c3:dc;wh82njyb
52:54:00:b9:62:b4;xm56xsal
52:54:00:aa:ab:7e;yr03gvsi
52:54:00:0d:12:ed;yk03clmz
52:54:00:89:d7:ee;sw44jckl
52:54:00:e9:28:b4;ug44uhhc
52:54:00:80:31:fe;cq32zrck
52:54:00:f8:7d:88;ma17wtvr
52:54:00:66:94:82;et34hkzm
52:54:00:4a:32:af;rw74zotq
52:54:00:8b:d9:79;mj56ixjv
52:54:00:89:0b:6c;gq75mfcf
52:54:00:48:3b:88;pk61intm
52:54:00:de:28:71;pk61intm
52:54:00:7d:13:a6;mo90nbja
52:54:00:d3:e2:f2;qw32blqj
52:54:00:77:d4:8e;mm76ropw
52:54:00:16:ff:47;qg90wlak
52:54:00:3e:4e:ed;jh60rfus
52:54:00:29:25:3e;kh64bnbx
52:54:00:d6:09:50;rb50ting
52:54:00:bf:10:49;ha31that
52:54:00:ad:8d:32;sb72xcuj
52:54:00:8f:ef:fc;cd41atlp
52:54:00:92:e0:dd;ip80nwsj
52:54:00:ca:56:60;yd95qzua
52:54:00:37:27:dc;qm08ygwn
52:54:00:a7:c2:df;xg05wopc
52:54:00:3d:f7:8b;jn13lphv
52:54:00:a7:c5:4a;jk77hppn
52:54:00:0c:26:c5;ez02ydbj
52:54:00:cc:5d:1b;nn12stfk
52:54:00:9b:e4:80;ui44kgfm
52:54:00:04:1d:61;ru84krqh
52:54:00:9a:dd:e1;wj82iokv
52:54:00:98:65:ad;oe74qcmu
52:54:00:58:0a:cc;wl48rwze
52:54:00:6a:d6:7f;hd20xzwr
52:54:00:7a:2d:39;cz30nflh
52:54:00:c3:75:a4;md37havw
52:54:00:14:44:2f;ms08bxft
52:54:00:74:f1:47;tr62yebz
52:54:00:6c:7f:23;kk84tqgj
52:54:00:9f:12:59;px97rehz
52:54:00:6e:9c:ca;te66qsfr
52:54:00:d6:0d:96;cp45klsa
52:54:00:88:2e:8f;rc02pkst
52:54:00:57:08:b2;rv51ydpu
52:54:00:db:36:c5;mw90munf
52:54:00:41:e9:7a;rq95putn
52:54:00:4c:7b:82;qa81zkrx
52:54:00:74:5f:97;cw30bbkn
52:54:00:03:5f:0f;eo79caoj
52:54:00:3f:25:a3;vr66yxml
52:54:00:48:db:80;rf77tqnx
52:54:00:7d:91:3d;fk53lete
52:54:00:80:73:6c;wl70szki
52:54:00:85:dd:d8;qs47ykuy
52:54:00:c4:7f:e9;la82qkpl
52:54:00:21:41:a8;ee68ikji
52:54:00:49:e0:7f;cz37pubq
52:54:00:a8:56:01;qf25fbuq
52:54:00:f0:22:cc;sx69bbah
52:54:00:92:6a:ea;zu99dhtr
52:54:00:dc:c7:28;hc61vahn
52:54:00:98:c4:9f;mw90munf
52:54:00:23:9c:ff;hq15ldmr
52:54:00:16:f5:40;hk58vada
52:54:00:d1:94:da;jl93hfqi
52:54:00:0b:22:75;st22mnxd
52:54:00:eb:7e:6d;qr73znsf
52:54:00:1d:4c:2f;iq84catj
52:54:00:04:dd:46;pt07cjdc
52:54:00:77:41:75;md00aewf
52:54:00:fd:26:44;vu41uhlz
52:54:00:a7:0e:e3;jq01yter
52:54:00:28:0b:27;hz70tgrd
52:54:00:53:18:da;po17tisl
52:54:00:c3:c3:4a;ni64rbwc
52:54:00:73:40:39;ab05ryqo
52:54:00:9a:8f:eb;ue44kqeq
52:54:00:30:de:69;rm28udsf
52:54:00:76:6b:06;hf36lncw
52:54:00:29:3d:be;lu87nnnu
52:54:00:17:58:e3;au39ahsa
52:54:00:5b:25:42;ms08bxft
52:54:00:e3:9e:44;cy48blni
52:54:00:2f:d5:4c;vc91brni
52:54:00:dc:d6:df;yr87ipjm
52:54:00:68:8b:2b;kv51rnta
52:54:00:ad:1c:d8;ob07hmgr
52:54:00:f6:17:d1;je66xqum
52:54:00:7f:97:c9;zc59sgfh
52:54:00:1b:25:e0;gs45cynu
52:54:00:d0:28:f9;si32sphf
52:54:00:eb:62:a0;be12nedp
52:54:00:aa:dc:26;ol17latc
52:54:00:41:9b:cf;cd26qrin
52:54:00:d8:c0:8d;wl88eqam
52:54:00:f9:a8:75;xe84maxh
52:54:00:ea:e8:c1;tk30lsuz
52:54:00:ce:a8:34;je68hajl
52:54:00:f0:18:6b;ql16zmdt
52:54:00:b5:19:53;gz98pchl
52:54:00:25:58:0c;yr94uyff
52:54:00:63:d7:1a;ya80fabu
52:54:00:5f:b3:1e;sw81dowu
52:54:00:20:a4:47;kj14efea
52:54:00:40:7e:e4;ml55dvrp
52:54:00:17:f9:3b;vl08htae
52:54:00:81:3e:6d;rm28udsf
52:54:00:fd:dc:76;mh88gugz
52:54:00:7e:01:8c;iw69wjyc
52:54:00:34:1b:9c;nw43fkie
52:54:00:24:3d:85;ia74qwyc
52:54:00:1f:a1:e9;xp28sczd
52:54:00:17:7b:69;fk53lete
52:54:00:ad:00:79;vv03pjpg
52:54:00:7b:5a:8a;wl48rwze
52:54:00:3f:5b:1d;sc06ceih
52:54:00:17:25:cd;uv62gatw
52:54:00:53:6c:92;ha31that
52:54:00:e6:08:ab;wt07sfkw
52:54:00:5f:f8:9f;fi55mcph
52:54:00:39:62:10;hb78byeu
52:54:00:10:3b:8a;ik55vdei
52:54:00:07:77:b3;ld82dkqu
52:54:00:89:c6:9e;qw32blqj
52:54:00:28:66:4c;hs47jkox
52:54:00:e5:12:c4;fe09cngd
52:54:00:67:d1:f3;xc08fazt
52:54:00:b9:f3:88;rr26mmoq
52:54:00:6e:61:14;hc57nmuz
52:54:00:8c:ad:a5;vl23mefn
52:54:00:19:10:2f;mi17gimd
52:54:00:bf:8f:71;ty80ipni
52:54:00:00:68:0d;cb57aorw
52:54:00:6e:80:42;xu37zkjv
52:54:00:c9:bf:22;mg18lonn
52:54:00:81:8f:94;uv62gatw
52:54:00:76:ca:49;or62iibu
52:54:00:84:c8:d4;ia74qwyc
52:54:00:8f:4a:a6;rb14zgmy
52:54:00:c5:09:53;hq15ldmr
52:54:00:d9:72:a6;tb15wcce
52:54:00:42:f3:29;dz66ssgv
52:54:00:00:dc:ea;ml55dvrp
52:54:00:8c:32:9b;wu11crwk
52:54:00:09:0c:86;ms26wxng
52:54:00:39:f7:ea;uf97nkyt
52:54:00:79:7b:89;ho70gwmm
52:54:00:c2:f6:88;fp29uvrs
52:54:00:57:2d:39;wg10pfjn
52:54:00:db:df:35;lu31czmu
52:54:00:1d:f1:37;gq10wzkd
52:54:00:fa:6f:bc;hc61vahn
52:54:00:e4:02:31;ct96msud
52:54:00:2b:5e:4c;pa91grwv
52:54:00:0b:3d:3d;uf97nkyt
52:54:00:08:60:96;dh94iznt
52:54:00:5f:47:2b;zq39vqpk
52:54:00:c6:85:58;fz72gscs
52:54:00:c2:fc:52;vq25yvwg
52:54:00:af:de:db;wj82iokv
52:54:00:e4:cc:1b;pk61intm
52:54:00:ec:71:f7;ze12wrmq
52:54:00:87:40:de;zm52ruez
52:54:00:2b:b5:b2;ax88ajaa
52:54:00:d8:d9:28;dx17cxnz
52:54:00:f3:4f:58;rq68fpbs
52:54:00:0e:90:85;jj06fhvf
52:54:00:a3:a0:b8;yu63vpvb
52:54:00:63:1d:8d;yc74azkp
52:54:00:f4:c6:a8;wp41cxag
52:54:00:51:d8:fc;ak32aavo
52:54:00:37:bf:89;qt78kiql
52:54:00:23:80:b4;sg05nztn
52:54:00:1b:89:c0;bk60crbv
52:54:00:05:3d:61;fu72injf
52:54:00:6c:c1:9e;me70blki
52:54:00:ac:83:ac;tn02ztqw
52:54:00:fb:0e:6c;wv93zera
52:54:00:2b:1d:14;jj58uuhb
52:54:00:cb:45:3b;lr44idev
52:54:00:cc:da:9c;jl59qqvr
52:54:00:d0:a8:49;ms26wxng
52:54:00:dc:92:e9;js05cqhu
52:54:00:9b:a2:e1;yz05qslp
52:54:00:6c:bd:72;fj19ghlm
52:54:00:a6:b8:ee;yk32idhx
52:54:00:74:e6:80;nb49vcsr
52:54:00:f5:b9:71;cl58mjus
52:54:00:b0:db:12;zw47xbvn
52:54:00:d1:7e:53;mh95mdrg
52:54:00:a9:1b:9b;hw71lszg
52:54:00:74:38:49;zq39vqpk
52:54:00:20:61:66;dd65psum
52:54:00:1a:09:ec;jn13lphv
52:54:00:46:f3:52;zr44xczp
52:54:00:11:5e:74;kf55yleh
52:54:00:02:fd:b4;bu98kggv
52:54:00:35:28:d7;ux24yoop
52:54:00:93:c1:72;ij68dgvv
52:54:00:9a:d2:bc;iz44oszi
52:54:00:f8:98:59;xy79arce
52:54:00:08:6b:42;pt07cjdc
52:54:00:e5:9d:39;bp83tdev
52:54:00:75:86:8d;ja09oofq
52:54:00:95:d8:bc;yb08yetc
52:54:00:0a:86:be;fp29uvrs
52:54:00:17:6a:99;ha31that
52:54:00:ab:ae:90;mj56ixjv
52:54:00:bf:75:57;ha42tvqw
52:54:00:0b:17:9e;tb00sgfr
52:54:00:28:eb:cd;gc00lvph
52:54:00:da:d6:17;un18wuqt
52:54:00:8c:1c:bf;kc31krhq
52:54:00:c0:82:60;mw57nihc
52:54:00:93:91:35;yd43vxwv
52:54:00:c9:59:33;sn07jsmx
52:54:00:c2:84:08;sq11xusi
52:54:00:1e:e0:a1;mz14rrso
52:54:00:0c:47:72;zj71ipsy
52:54:00:57:e3:f5;eq13xqea
52:54:00:37:d4:77;pt04skgn
52:54:00:ca:56:8b;yd95qzua
52:54:00:0f:c9:6f;ml91mgeq
52:54:00:cc:16:22;ak82uswk
52:54:00:7c:4b:fe;tc80lhqj
52:54:00:2a:a0:81;vq25yvwg
52:54:00:0e:bb:3a;mc92zeez
52:54:00:b6:4a:2d;nt71uujh
52:54:00:4c:36:38;zg71gdcg
52:54:00:6b:b6:1f;bc68bzsl
52:54:00:30:60:16;jb88jexz
52:54:00:87:d6:0a;ai47aakh
52:54:00:bb:4d:28;jn13lphv
52:54:00:8f:31:39;hz70tgrd
52:54:00:82:01:f0;ky11erev
52:54:00:33:a0:a6;rc62poci
52:54:00:ff:42:bc;lu31czmu
52:54:00:57:81:b4;gh84bjop
52:54:00:93:ff:ad;ok91kxjt
52:54:00:cc:a7:c2;ob69clam
52:54:00:f6:c5:f2;zn49wnyg
52:54:00:c2:a4:d6;dq10xslb
52:54:00:63:ed:23;er27qugo
52:54:00:2e:fe:5d;yk32idhx
52:54:00:35:c7:13;zj71ipsy
52:54:00:bb:43:aa;pz24gxjp
52:54:00:c3:76:c5;xq50mjth
52:54:00:0c:68:f1;nr49snle
52:54:00:07:3a:bf;he60apha
52:54:00:42:ed:b9;mh88gugz
52:54:00:bb:0f:64;ms08bxft
52:54:00:80:fd:d9;yd72wkev
52:54:00:4d:bd:45;rr75enwe
52:54:00:d4:ee:98;uq36njhw
52:54:00:0c:21:26;wy71mqnd
52:54:00:53:c7:63;as78ltof
52:54:00:66:84:85;ix84sind
52:54:00:4b:b0:b6;hb22pzkd
52:54:00:9f:b9:0f;hb78byeu
52:54:00:64:4e:43;mw57nihc
52:54:00:d9:a3:73;zj30fnqh
52:54:00:3f:a7:93;mi28gnlp
52:54:00:5e:4a:2e;rj76wjla
52:54:00:77:05:d1;jl59bksv
52:54:00:66:29:3d;qz63rvxg
52:54:00:66:b3:f1;ez02ydbj
52:54:00:a1:d0:07;eg26heyv
52:54:00:cf:44:bd;fn96jiut
52:54:00:c8:48:e6;sg05nztn
52:54:00:17:97:52;vl23mefn
52:54:00:1d:c7:ae;eq13xqea
52:54:00:b2:13:6b;wn92fcyz
52:54:00:53:1f:d3;be56njgm
52:54:00:65:18:e6;pb50owvl
52:54:00:ac:08:41;px97rehz
52:54:00:66:4c:c3;ak82uswk
52:54:00:74:8c:c8;iw69wjyc
52:54:00:52:e4:bb;lk95wskl
52:54:00:0d:eb:f4;nr49snle
52:54:00:f3:95:e7;jl71ydbd
52:54:00:05:5f:8f;gh84bjop
52:54:00:5a:fb:e3;oy32pkrs
52:54:00:af:21:62;wg15rwoe
52:54:00:fb:5e:99;kg02fdgm
52:54:00:5f:7e:10;hg78gccu
52:54:00:f2:17:b3;ry15fbif
52:54:00:24:a8:19;sn07jsmx
52:54:00:c3:e2:96;jv45aqgz
52:54:00:28:ab:cb;uq36njhw
52:54:00:3a:ea:59;er08pmnf
52:54:00:4a:20:eb;mh36gwlu
52:54:00:9f:c8:c3;ld41wqzw
52:54:00:4f:c9:04;pu98hybm
52:54:00:41:2a:27;ol30kepv
52:54:00:94:71:9a;hc57nmuz
52:54:00:20:5b:89;eo82jhvw
52:54:00:7f:1d:e4;dr49jybr
52:54:00:21:11:61;ba87aday
52:54:00:1c:b4:fd;zj71ipsy
52:54:00:5b:7e:c4;pa91grwv
52:54:00:9e:52:b2;fe09cngd
52:54:00:0d:e9:53;gh24fsui
52:54:00:1d:13:ae;wo72cgzt
52:54:00:cb:fe:c1;gq41spuh
52:54:00:01:5d:cc;xh22hzgz
52:54:00:6d:ac:66;gn12nnom
52:54:00:d7:00:fa;oa47cwqj
52:54:00:4d:35:29;qt09pokw
52:54:00:bf:45:b6;fo39tbko
52:54:00:c8:e9:2a;ca43cwhu
52:54:00:dd:da:2f;pi57dbpd
52:54:00:2a:36:35;sz07vdne
52:54:00:e9:14:d9;rr20ffko
52:54:00:86:12:83;li02yggj
52:54:00:44:d8:87;gq10wzkd
52:54:00:46:2d:32;mz83khrx
52:54:00:1b:83:5a;aa07jngo
52:54:00:19:41:ef;hg78gccu
52:54:00:3d:4f:4b;ja09oofq
52:54:00:d5:92:18;rr26mmoq
52:54:00:91:b3:13;rs04qyfj
52:54:00:d8:1b:1e;gi66mxsk
52:54:00:8b:ad:4d;nv14omuz
52:54:00:ee:aa:10;po87loeq
52:54:00:01:af:6d;gu64rqyu
52:54:00:88:32:46;kc31krhq
52:54:00:9b:f8:91;sm10szuu
52:54:00:c3:01:e1;ma29serm
52:54:00:2e:d7:fb;sc06ceih
52:54:00:56:32:99;uq51wzxx
52:54:00:ac:d1:97;sj67ruma
52:54:00:c6:be:41;kh78oxvp
52:54:00:89:85:2f;xx10svnw
52:54:00:e7:27:fa;or24yohp
52:54:00:65:d8:fe;vg24iycm
52:54:00:d8:94:d9;wg24udmw
52:54:00:63:5d:dc;nk85xwpo
52:54:00:5c:4a:82;nm17vdks
52:54:00:9e:c5:89;pt07cjdc
52:54:00:b3:fb:32;rv51ydpu
52:54:00:8d:e5:c3;ik06qnjh
52:54:00:59:83:7a;xo62untm
52:54:00:be:8a:5c;js05cqhu
52:54:00:24:62:77;hr52hnjr
52:54:00:55:b5:ad;vk84gvki
52:54:00:00:ad:ca;dc98vzdb
52:54:00:d1:41:fe;hw71lszg
52:54:00:35:b0:a5;pk61intm
52:54:00:20:54:c6;ow53rjys
52:54:00:1f:3d:8f;ig49gsvi
52:54:00:b1:5f:13;ik20duqr
52:54:00:83:a1:bc;ct96msud
52:54:00:e9:18:c1;js05cqhu
52:54:00:8e:b4:e6;pq91efpw
52:54:00:88:ed:11;fs20usfz
52:54:00:85:44:fa;yv49uuej
52:54:00:e8:fe:2e;ga12mwrm
52:54:00:8f:47:d4;aw24glqu
52:54:00:5b:63:7f;pw32akbk
52:54:00:f8:ad:96;zy28lsfc
52:54:00:a4:3e:95;zv86rpod
52:54:00:e4:67:43;tm97exlj
52:54:00:99:92:55;pd26beyx
52:54:00:ac:81:8b;gn12nnom
52:54:00:3e:7c:87;xy79arce
52:54:00:f0:4c:ce;gp28tjqx
52:54:00:21:a9:eb;cj68xgpl
52:54:00:25:48:76;do59lbtm
52:54:00:45:db:65;ar25docw
52:54:00:90:ea:aa;xa01asjr
52:54:00:16:a6:59;ho23sklo
52:54:00:18:f8:cf;mz83khrx
52:54:00:d8:c8:d6;ir92dbyo
52:54:00:ba:8b:11;tm08jeyo
52:54:00:14:ee:4b;lf20nuzn
52:54:00:47:bf:36;im85xtal
52:54:00:cc:9b:5d;qg79jdyn
52:54:00:98:0c:cb;ey75nlsa
52:54:00:1c:95:0f;ar30pprq
52:54:00:af:53:d9;qx45dkne
52:54:00:a0:7e:be;do46tqvz
52:54:00:b7:4f:f7;qm71dbus
52:54:00:fb:ca:a7;cc62iqem
52:54:00:3a:9e:bf;ib15zoyh
52:54:00:2e:df:82;po17tisl
52:54:00:70:b2:d8;kj14efea
52:54:00:e0:38:10;ik20duqr
52:54:00:07:ae:ec;tu58xuca
52:54:00:51:a3:bc;aw24glqu
52:54:00:23:7a:fe;hs47jkox
52:54:00:36:c2:4f;gn12nnom
52:54:00:9b:92:82;ks62auep
52:54:00:39:6e:a6;cn42ficn
52:54:00:bf:57:91;iw93ezrc
52:54:00:41:89:dd;op56yxzu
52:54:00:fd:83:6e;ym83utig
52:54:00:86:4e:c7;zk43mkel
52:54:00:18:35:78;kk84tqgj
52:54:00:07:03:1e;aa12wkos
52:54:00:f6:aa:ed;fk53lete
52:54:00:c5:7a:58;jp57bcjh
52:54:00:a0:26:b5;dh94iznt
52:54:00:a6:68:95;bm12vpsx
52:54:00:15:53:60;in59swcs
52:54:00:94:8e:d0;th33qyvc
52:54:00:99:29:92;or24yohp
52:54:00:60:06:e4;xe84maxh
52:54:00:dc:a6:8f;si32sphf
52:54:00:ce:b9:47;xv79zwfh
52:54:00:8d:d7:ef;hf40fgzq
52:54:00:c2:9c:91;je66xqum
52:54:00:1c:06:88;wu11crwk
52:54:00:c1:35:1e;cy24pbac
52:54:00:af:6b:f4;gq41spuh
52:54:00:73:a8:31;js91dfpy
52:54:00:e5:f4:04;hr47xnks
52:54:00:95:b1:b6;qh78dlgu
52:54:00:c9:d0:d2;lr23qpyh
52:54:00:e6:3b:a5;gz62bxio
52:54:00:4a:72:70;iz44oszi
52:54:00:b8:93:bf;jd66wnmj
52:54:00:f3:b3:cf;oe74qcmu
52:54:00:a5:4c:cb;eh41bsdr
52:54:00:1f:12:fb;yy17pwvr
52:54:00:36:d4:c4;ob07hmgr
52:54:00:78:d9:89;km29tsth
52:54:00:a2:b7:10;ry36kodq
52:54:00:1d:61:4a;gi64oafc
52:54:00:b2:1f:b8;di87gnla
52:54:00:95:87:82;oc49vewh
52:54:00:ba:1e:1e;gs33xngw
52:54:00:ee:42:6b;hd20xzwr
52:54:00:b5:55:38;ap39frrw
52:54:00:a3:4c:c5;qx90rrat
52:54:00:f7:fc:8c;sy72cxmk
52:54:00:58:c6:f1;zb26dyeh
52:54:00:cc:df:b1;tr62yebz
52:54:00:c6:ca:8e;eu32iglh
52:54:00:7b:13:0a;ym80xblt
52:54:00:98:e8:98;wg24udmw
52:54:00:51:03:c3;zj71ipsy
52:54:00:50:aa:48;kb68mhhf
52:54:00:0f:8e:8f;yr83lait
52:54:00:ee:90:06;ls58uikk
52:54:00:c7:2a:0f;ya30ftsz
52:54:00:49:fb:32;qx45dkne
52:54:00:ab:61:88;nt71uujh
52:54:00:82:37:d1;ye55hdbi
52:54:00:ec:18:90;ab53tyvc
52:54:00:19:a8:8f;xb46rxld
52:54:00:e4:3f:37;ik55vdei
52:54:00:80:d6:53;kf55yleh
52:54:00:74:c2:6a;po06rfch
52:54:00:25:ff:ae;ax88ajaa
52:54:00:17:5b:f0;zu99dhtr
52:54:00:94:79:c3;aw75jmkp
52:54:00:4f:cf:4f;yp32nacy
52:54:00:09:6d:31;tr62yebz
52:54:00:34:37:c2;ko98lvft
52:54:00:0d:78:67;me02acfn
52:54:00:85:e0:97;tn02ztqw
52:54:00:26:0f:f1;eh41bsdr
52:54:00:2f:42:9f;bc07rkni
52:54:00:37:bd:3f;jq86avgf
52:54:00:9a:46:7e;si25jcgc
52:54:00:ec:70:ee;gz98pchl
52:54:00:19:c8:f8;ye55hdbi
52:54:00:1e:ab:40;cy48blni
52:54:00:8a:27:ff;bc07rkni
52:54:00:f8:9a:98;nd52cjpy
52:54:00:17:2c:3b;kg58twqf
52:54:00:d1:d0:28;xh22hzgz
52:54:00:e1:78:7f;aq55kjwg
52:54:00:a1:f5:4a;oi22zmms
52:54:00:0a:96:f3;yk32idhx
52:54:00:70:d5:1a;vd29ucqy
52:54:00:3d:2e:4a;gz20xavv
52:54:00:46:16:1d;he84pzme
52:54:00:35:b6:13;be12nedp
52:54:00:5c:7b:84;rn32jsfk
52:54:00:23:ca:3e;tf85ggse
52:54:00:3b:1e:1a;ry36kodq
52:54:00:b0:43:48;nq13zusa
52:54:00:f1:ab:45;mz14rrso
52:54:00:fa:50:ac;zw47xbvn
52:54:00:de:c0:65;ig49gsvi
52:54:00:07:4e:a3;jg15dnyg
52:54:00:89:91:54;ez02ydbj
52:54:00:08:6d:48;rc62poci
52:54:00:af:7c:30;cy47ayhf
52:54:00:6a:8a:b1;an18fdsf
52:54:00:0b:6c:c2;vr81jczk
52:54:00:52:97:2c;cs82kmmr
52:54:00:38:c1:d1;lr23qpyh
52:54:00:41:73:62;po17tisl
52:54:00:0e:94:a5;vg24iycm
52:54:00:28:33:12;sg05nztn
52:54:00:c2:a9:56;eh41bsdr
52:54:00:b4:28:22;zm48yxxw
52:54:00:35:55:ca;zo79ecby
52:54:00:54:9e:ef;jq01yter
52:54:00:9b:8e:55;zr44xczp
52:54:00:bf:c4:c6;ai56gmeu
52:54:00:02:f9:d0;gs45cynu
52:54:00:2c:32:f7;an60vcxh
52:54:00:12:a0:fd;wh82njyb
52:54:00:25:4a:8e;pw65ldvk
52:54:00:7f:57:de;rv80iqwz
52:54:00:5b:5b:fa;ob69clam
52:54:00:ac:cb:0b;jd66wnmj
52:54:00:0b:f0:23;yd43vxwv
52:54:00:3f:77:d3;lr44idev
52:54:00:78:a2:59;lh82obla
52:54:00:57:d2:cf;wq55wiur
52:54:00:12:5e:7d;qo45mxth
52:54:00:1a:de:60;hr33bmpx
52:54:00:ce:88:40;ec07ilxj
52:54:00:ec:51:28;aw47dtcf
52:54:00:7d:aa:41;jt26iyqg
52:54:00:62:0e:3a;ua28cipf
52:54:00:81:37:c8;ai47aakh
52:54:00:56:31:9f;yk40vjau
52:54:00:1d:84:33;jp57bcjh
52:54:00:34:ea:59;me02acfn
52:54:00:7f:c1:ca;dj96xiuz
52:54:00:51:be:4e;er94qiyt
52:54:00:cb:94:4b;wz14xiwk
52:54:00:4a:bf:c4;ge15whjv
52:54:00:98:84:40;wj82iokv
52:54:00:cd:28:04;nd52cjpy
52:54:00:b0:af:fe;jt54attt
52:54:00:6f:59:af;zo79ecby
52:54:00:80:65:f0;th33qyvc
52:54:00:ed:15:a6;cb57aorw
52:54:00:ef:3b:93;wp41cxag
52:54:00:c4:ba:c4;wn90whaq
52:54:00:9e:c4:09;od64ueyt
52:54:00:80:aa:54;bx92vjop
52:54:00:4e:07:11;ey75nlsa
52:54:00:01:65:7d;jb88jexz
52:54:00:5f:16:8f;an60vcxh
52:54:00:72:73:69;uq51wzxx
52:54:00:44:0f:f1;jz04bxlh
52:54:00:a1:26:0d;te69xise
52:54:00:0f:a7:4e;sx69bbah
52:54:00:df:24:b0;nz82oqrn
52:54:00:29:85:47;rz81ifnn
52:54:00:75:f4:73;ws73iwtx
52:54:00:68:9d:39;xu48iqpx
52:54:00:8e:d3:f6;jq92iequ
52:54:00:ec:88:36;pt07cjdc
52:54:00:b1:ad:e1;tk30lsuz
52:54:00:f8:90:69;me77xtfn
52:54:00:6b:f5:a2;rx27bbbf
52:54:00:dd:7c:de;fs09pebn
52:54:00:63:6c:6a;cz38trdo
52:54:00:5b:80:51;kj14efea
52:54:00:e4:55:7d;qm37cugu
52:54:00:6d:16:fb;vq25yvwg
52:54:00:38:cb:db;lv07apuj
52:54:00:01:ca:bd;nc13hhkp
52:54:00:7b:bb:83;pz84dkaq
52:54:00:b2:e2:85;gm94dyrz
52:54:00:21:82:f0;po06rfch
52:54:00:33:60:de;hb78byeu
52:54:00:42:18:ac;fk53lete
52:54:00:09:8d:3c;rq68fpbs
52:54:00:5e:83:09;qo45mxth
52:54:00:88:b9:9f;yv68autr
52:54:00:13:38:f0;ie97yzmo
52:54:00:2e:36:b3;ir92dbyo
52:54:00:13:1f:dd;pt04skgn
52:54:00:5f:4b:84;py17yuux
52:54:00:34:1e:ae;xv79zwfh
52:54:00:65:6c:37;iq24ncyn
52:54:00:9a:ee:e6;sn07jsmx
52:54:00:36:85:3c;hf36lncw
52:54:00:05:6c:f4;ee35vogh
52:54:00:c6:44:c8;or78dfwy
52:54:00:98:93:90;ey75nlsa
52:54:00:4c:64:e9;lx43uppa
52:54:00:9e:27:a6;gh24fsui
52:54:00:79:c1:a1;zw11hrgk
52:54:00:91:41:67;fn18ckhi
52:54:00:ab:8b:5b;wy71mqnd
52:54:00:3e:79:28;nm17vdks
52:54:00:ad:ea:4b;ld00kzbj
52:54:00:0a:b4:39;yr88hllb
52:54:00:f8:0d:77;rk13jaml
52:54:00:a1:43:c3;gp28tjqx
52:54:00:15:9d:8e;jt29shyq
52:54:00:d3:dd:38;iu96niuk
52:54:00:04:25:ef;ti91jiex
52:54:00:f8:36:0c;hd20xzwr
52:54:00:68:b1:49;ai56gmeu
52:54:00:6f:3b:e9;qm08ygwn
52:54:00:bc:b1:78;zj71ipsy
52:54:00:8a:eb:ac;ow53rjys
52:54:00:1f:54:2f;ji36giai
52:54:00:bd:32:90;ym83utig
52:54:00:90:c4:c4;ze11xppr
52:54:00:e2:d5:3d;sd45nnns
52:54:00:e4:a1:4b;qs47ykuy
52:54:00:9e:62:cb;yk32idhx
52:54:00:b0:45:e0;wa10ffxx
52:54:00:74:47:40;an18fdsf
52:54:00:96:fd:98;vu41uhlz
52:54:00:fd:7f:74;rz81ifnn
52:54:00:36:cd:2d;dr91ysqo
52:54:00:60:b5:e9;lu87nnnu
52:54:00:7e:ce:b5;br05tigx
52:54:00:95:4a:8b;fv43xczv
52:54:00:9f:13:e6;fv17mmgq
52:54:00:5c:c9:50;to13ftff
52:54:00:10:2f:bc;en94mxat
52:54:00:96:cd:65;rc62poci
52:54:00:70:36:33;hr52hnjr
52:54:00:9c:06:97;vu41uhlz
52:54:00:7d:40:d4;df71ljxp
52:54:00:ce:d7:f9;gp28tjqx
52:54:00:21:22:98;gx37gmwu
52:54:00:27:db:4d;nb49vcsr
52:54:00:73:93:cf;un56xsod
52:54:00:b4:ac:44;nn12stfk
52:54:00:4b:f7:17;jt26iyqg
52:54:00:ad:11:f1;mj93uims
52:54:00:34:5a:5f;jj54yqlo
52:54:00:f9:ee:c4;hr47xnks
52:54:00:08:61:ce;cy24pbac
52:54:00:a3:ea:a2;pa61gyoo
52:54:00:86:15:8a;jk30ojbd
52:54:00:46:c9:62;by36lcle
52:54:00:6f:1c:ab;fv43xczv
52:54:00:6a:cd:b9;qm69ymdw
52:54:00:7b:c5:78;lf20nuzn
52:54:00:9a:63:5a;dh10ntto
52:54:00:cd:19:87;ns74upeh
52:54:00:79:13:a0;fe09cngd
52:54:00:90:89:0b;wc75qeux
52:54:00:bf:c8:26;fp98foxr
52:54:00:db:68:fc;cd26qrin
52:54:00:c1:f4:91;sz61qmrl
52:54:00:05:2b:30;jc02mhla
52:54:00:c3:f5:1c;jf91juqw
52:54:00:32:3d:64;nk56thzj
52:54:00:eb:02:cc;je66xqum
52:54:00:e1:00:ab;wl70szki
52:54:00:ed:6c:02;cn42ficn
52:54:00:64:50:46;tf85ggse
52:54:00:4e:3f:6b;wq55wiur
52:54:00:4b:aa:ee;fd60akti
52:54:00:94:ac:f0;rr75enwe
52:54:00:27:0c:24;tg62dadx
52:54:00:85:a5:ed;zu99dhtr
52:54:00:08:65:87;zm48yxxw
52:54:00:e9:1f:e2;hl31minw
52:54:00:cc:df:4d;ql96phua
52:54:00:0b:12:b4;vg24iycm
52:54:00:37:39:a0;qw79vhkg
52:54:00:ef:80:40;ns74upeh
52:54:00:c7:02:99;th33qyvc
52:54:00:02:a2:d5;rx27bbbf
52:54:00:36:72:2b;lu48yovz
52:54:00:bf:7a:1e;qr73znsf
52:54:00:81:a0:ed;je66xqum
52:54:00:ad:01:2e;pp20mjvr
52:54:00:7b:25:45;xo62untm
52:54:00:8d:60:7b;dv98ueue
52:54:00:5f:48:b1;xb27molt
52:54:00:ff:9d:f0;et34hkzm
52:54:00:4d:86:dd;wn90whaq
52:54:00:d4:41:19;jj54yqlo
52:54:00:71:4c:1c;ze12wrmq
52:54:00:bc:ba:15;ud66zaef
52:54:00:7a:4e:65;ta21olhb
52:54:00:e7:a5:c0;bc07rkni
52:54:00:cb:47:da;ky11erev
52:54:00:92:34:f3;on66qpft
52:54:00:dc:0f:f4;px97rehz
52:54:00:c9:d2:14;rf12bfaj
52:54:00:7c:80:37;kh64bnbx
52:54:00:ad:a9:15;rr26mmoq
52:54:00:c2:6c:7a;ga12mwrm
52:54:00:14:d5:be;wo72cgzt
52:54:00:7d:31:89;ph15xewe
52:54:00:bf:76:f9;vs26esvr
52:54:00:09:26:e6;nm17vdks
52:54:00:43:aa:52;wp41cxag
52:54:00:37:19:41;gr37yztw
52:54:00:6e:b2:3f;qm37cugu
52:54:00:a5:64:de;sd45nnns
52:54:00:9d:bd:01;iq45jvfy
52:54:00:5d:6b:ec;cs82kmmr
52:54:00:f6:10:50;mg18lonn
52:54:00:29:69:21;xl64jiys
52:54:00:b7:71:12;qu64bzwp
52:54:00:67:ae:de;np22lpmu
52:54:00:49:90:dc;rh77wgiz
52:54:00:1e:32:db;rz73jljm
52:54:00:4a:8d:db;ho99rhwl
52:54:00:1e:5c:c8;rh82edsb
52:54:00:b9:85:15;do59lbtm
52:54:00:a6:e2:2c;nq45pfpp
52:54:00:5d:9a:c0;gc00lvph
52:54:00:7e:ad:81;rm28udsf
52:54:00:58:29:fe;ry72zgnh
52:54:00:0c:6f:4c;bj92shya
52:54:00:22:8f:da;eo10jruf
52:54:00:73:88:c9;sq88aori
52:54:00:89:00:d0;qd86enkb
52:54:00:21:69:3e;xv79zwfh
52:54:00:af:da:c4;rv51ydpu
52:54:00:fa:03:25;ti91jiex
52:54:00:71:38:9a;vo38ftmi
52:54:00:c7:1c:11;ya59dqqb
52:54:00:06:39:51;lk95wskl
52:54:00:0c:d9:7b;qi78unuj
52:54:00:15:14:d3;xa58nisr
52:54:00:6e:4e:2a;kf55yleh
52:54:00:00:43:9f;qm08ygwn
52:54:00:24:bd:2c;gh90uhqy
52:54:00:7f:28:22;ju93wuwe
52:54:00:b9:08:54;po77quzm
52:54:00:92:bf:b2;do46tqvz
52:54:00:14:97:ab;hf03irvy
52:54:00:73:90:c4;si48ffqw
52:54:00:f6:7f:9e;qy52cupi
52:54:00:7b:56:13;fy47vzbd
52:54:00:b8:71:fd;wj82iokv
52:54:00:06:96:eb;yn84yidi
52:54:00:19:26:09;eh63enay
52:54:00:57:f8:f7;qm08ygwn
52:54:00:c9:37:d8;mj93uims
52:54:00:58:8b:fc;zj30fnqh
52:54:00:c2:f8:ed;cn00eldu
52:54:00:98:b0:69;zj71ipsy
52:54:00:eb:b8:41;an18fdsf
52:54:00:79:a0:7d;yc74azkp
52:54:00:86:63:9a;vk33irvb
52:54:00:9d:55:d4;xu37zkjv
52:54:00:a5:2f:9c;ru84krqh
52:54:00:3f:8d:49;vh37rxxg
52:54:00:af:21:5f;tg35tpvu
52:54:00:f3:d1:1a;la79wxxy
52:54:00:f3:3c:cb;bx93siuo
52:54:00:38:44:5e;aa12wkos
52:54:00:82:91:39;br05tigx
52:54:00:4b:ee:e0;rq68fpbs
52:54:00:85:b6:6f;zo79ecby
52:54:00:cd:5b:17;qr73znsf
52:54:00:c6:8a:08;it32nznm
52:54:00:de:d0:53;nw48vxhs
52:54:00:95:34:5a;pj08vdzn
52:54:00:19:0c:b8;bl11lgyg
52:54:00:3e:81:6f;gq10wzkd
52:54:00:24:7c:14;bc68bzsl
52:54:00:64:aa:4d;tb00sgfr
52:54:00:57:3a:5e;po77quzm
52:54:00:3f:1e:96;pz24gxjp
52:54:00:46:e6:a6;cs23dojw
52:54:00:0d:92:c7;ro09oeok
52:54:00:8b:05:40;qt09pokw
52:54:00:ba:6d:29;lr10ziqs
52:54:00:bc:85:ae;fs20usfz
52:54:00:31:6f:9f;hs47jkox
52:54:00:67:52:d1;wc89pzjo
52:54:00:26:a5:7d;uz12tkcb
52:54:00:09:2d:4c;ar30pprq
52:54:00:dc:7b:de;we56ikwg
52:54:00:a9:58:06;it04xant
52:54:00:bf:95:20;ie54uxho
52:54:00:0e:38:17;ua92hiut
52:54:00:8f:96:8b;al06ohwi
52:54:00:6b:1e:02;ol17latc
52:54:00:93:9c:ad;ej26fnis
52:54:00:c8:da:fb;or24yohp
52:54:00:09:bc:9f;fo39tbko
52:54:00:c7:60:73;nq45pfpp
52:54:00:77:dc:88;ze77ffsv
52:54:00:c5:38:2c;vr66yxml
52:54:00:02:c6:d5;cb57aorw
52:54:00:39:cd:c3;nn64oqfi
52:54:00:64:34:9e;pw32akbk
52:54:00:43:6d:d9;mc92zeez
52:54:00:bc:f0:56;wz14xiwk
52:54:00:4c:bf:6b;uf53dqew
52:54:00:c6:3a:b1;yr87ipjm
52:54:00:26:13:fc;fv43xczv
52:54:00:12:e1:f0;sq11xusi
52:54:00:b4:12:8a;li18sggo
52:54:00:f8:b4:77;zv86rpod
52:54:00:c4:52:24;km21lcuc
52:54:00:89:bc:5d;kf06ybpn
52:54:00:1a:74:ea;te69xise
52:54:00:1f:16:dd;ic71pvov
52:54:00:37:1f:48;tb15wcce
52:54:00:75:fa:05;ya59dqqb
52:54:00:d0:3b:64;mg18lonn
52:54:00:22:fe:92;wo72cgzt
52:54:00:b6:3a:a8;vv03pjpg
52:54:00:3f:69:a9;fn68kzid
52:54:00:62:72:19;rn74syly
52:54:00:f9:0f:1a;pu98hybm
52:54:00:13:15:02;cn00eldu
52:54:00:a2:f0:d6;fx85bycz
52:54:00:41:f0:42;pg41sfgs
52:54:00:91:bf:55;ho23sklo
52:54:00:2a:79:8a;du77erxz
52:54:00:83:c6:76;jv64hboq
52:54:00:7c:29:13;ee68ikji
52:54:00:40:36:38;od64ueyt
52:54:00:30:6f:89;ut59zdyn
52:54:00:b7:83:c6;ls05dqox
52:54:00:ad:3f:bc;ym14gcez
52:54:00:92:9e:37;oy32pkrs
52:54:00:89:22:ce;rb50ting
52:54:00:a1:d5:e4;tg95pxuj
52:54:00:a9:be:6a;qh57zlqw
52:54:00:26:54:e1;cy47ayhf
52:54:00:e1:bb:14;qm37cugu
52:54:00:cf:46:45;yh37kasv
52:54:00:9d:0d:3d;xu07zijx
52:54:00:e5:9b:e9;of97lalr
52:54:00:4c:4d:53;ha60kkbe
52:54:00:8d:07:9a;kj14efea
52:54:00:7d:27:9a;yc74azkp
52:54:00:e5:82:cc;aq69hngw
52:54:00:bb:ad:7c;kc51zbgh
52:54:00:de:67:c9;mi28gnlp
52:54:00:57:90:c9;tb00sgfr
52:54:00:d5:0b:5c;hc57nmuz
52:54:00:e5:1c:31;mo85xaxq
52:54:00:08:06:f0;je07zisz
52:54:00:dc:97:dc;ju93wuwe
52:54:00:45:4a:df;lh82obla
52:54:00:d4:a7:1c;vk34keoi
52:54:00:13:d3:30;ie54uxho
52:54:00:ae:cc:64;yr83lait
52:54:00:d7:53:fe;xx10svnw
52:54:00:57:b5:f3;aa11iiuy
52:54:00:78:19:6b;ga12mwrm
52:54:00:42:8f:ca;gi64oafc
52:54:00:2e:9a:47;do59lbtm
52:54:00:40:af:ad;zm79zjvt
52:54:00:dd:2c:5a;xa36znox
52:54:00:6f:17:9d;on82vqir
52:54:00:e4:c8:dc;eh68ssap
52:54:00:e0:e4:5e;fa52cnod
52:54:00:9a:11:55;qz63rvxg
52:54:00:a9:27:55;rr20ffko
52:54:00:b2:e9:f1;av13rrbe
52:54:00:ec:4e:9b;rx27bbbf
52:54:00:51:d7:e8;qm37cugu
52:54:00:b3:96:29;pw32akbk
52:54:00:21:0e:d1;zb26dyeh
52:54:00:e3:11:e5;cs23dojw
52:54:00:ef:6a:48;rt89vjrg
52:54:00:7c:7e:ed;kc31krhq
52:54:00:44:2f:9f;iq45jvfy
52:54:00:63:d5:75;sx06zlzh
52:54:00:4a:ca:68;or24yohp
52:54:00:0b:c2:94;zy28lsfc
52:54:00:b3:ec:2c;rz81ifnn
52:54:00:bc:97:6a;it04xant
52:54:00:ad:69:44;jv45aqgz
52:54:00:29:66:56;yb08yetc
52:54:00:c7:18:c9;qw10ahyz
52:54:00:02:7c:5e;qm69ymdw
52:54:00:f0:96:b6;ci62bxwy
52:54:00:a0:01:5e;qu64bzwp
52:54:00:c7:63:94;xy36finx
52:54:00:b0:34:48;zz96vgnx
52:54:00:65:ed:81;zx81txer
52:54:00:a0:2d:3c;st22mnxd
52:54:00:6c:43:26;nw48wiwh
52:54:00:81:49:51;dw79dosm
52:54:00:6b:01:7d;lk95wskl
52:54:00:ee:57:a8;ci56gkge
52:54:00:63:6f:10;bf41khfi
52:54:00:4a:c0:c0;wv93zera
52:54:00:4b:18:a4;wu11crwk
52:54:00:70:93:75;qh78dlgu
52:54:00:6d:f5:f4;uz12tkcb
52:54:00:f4:06:d7;hb78byeu
52:54:00:af:40:51;pj08vdzn
52:54:00:9c:7c:36;ai56gmeu
52:54:00:6d:04:67;nt59yzsg
52:54:00:2a:07:c9;eo10jruf
52:54:00:8e:1a:c5;cr12scnx
52:54:00:3d:eb:b3;or78dfwy
52:54:00:a7:2d:9f;np93kxke
52:54:00:a7:47:27;pl08zsuw
52:54:00:6e:14:93;ai47aakh
52:54:00:8c:15:9b;gj66mewk
52:54:00:41:0b:b9;sx69bbah
52:54:00:6e:e8:8e;uq51wzxx
52:54:00:3e:3e:17;kl08ljio
52:54:00:3f:6f:f7;eo82jhvw
52:54:00:ef:42:c0;bo30onqt
52:54:00:01:36:60;fk53lete
52:54:00:43:b6:bf;tr20zcfs
52:54:00:bc:48:1f;gm94dyrz
52:54:00:5c:9f:db;al06ohwi
52:54:00:f0:71:8a;rw74zotq
52:54:00:43:27:20;ux24yoop
52:54:00:9c:81:29;wu11crwk
52:54:00:f1:6d:ee;zv46knje
52:54:00:ae:ff:30;bo30onqt
52:54:00:2b:3a:03;pi57dbpd
52:54:00:46:d4:6e;eh83poab
52:54:00:0d:27:1a;kv51rnta
52:54:00:37:82:5c;pa61gyoo
52:54:00:44:e1:a4;jp57bcjh
52:54:00:0d:52:3c;ms08bxft
52:54:00:98:36:e6;qz47xoex
52:54:00:0c:9e:a8;sy57hicm
52:54:00:36:b7:96;qt78kiql
52:54:00:d1:f4:4c;fy32jnjf
52:54:00:4b:c6:4e;by36lcle
52:54:00:19:51:e0;zh99yduf
52:54:00:ff:87:c2;nv14omuz
52:54:00:eb:45:6e;vk33irvb
52:54:00:8b:d1:52;wg15rwoe
52:54:00:b2:25:c4;ud29ssyw
52:54:00:99:39:0b;bn75zoiu
52:54:00:13:2c:2b;uh85dvyy
52:54:00:6f:ea:ea;wh82njyb
52:54:00:72:bc:09;dg42pchx
52:54:00:66:cc:a6;rv74bhzr
52:54:00:6c:30:8e;pf14pjjt
52:54:00:d3:71:b3;hf42hryx
52:54:00:c6:f3:92;ym14gcez
52:54:00:71:22:1f;tv69roeq
52:54:00:76:01:5d;sx06zlzh
52:54:00:52:06:fc;oc49vewh
52:54:00:6d:f7:cd;hf42hryx
52:54:00:5d:5b:d0;xy36finx
52:54:00:80:1e:28;qw32blqj
52:54:00:90:b4:f3;nm17vdks
52:54:00:8a:5e:f9;ya59dqqb
52:54:00:55:37:79;cz37pubq
52:54:00:54:08:cb;ba87aday
52:54:00:81:1b:f7;tg95pxuj
52:54:00:6d:a1:68;pl14ufae
52:54:00:da:03:b8;wg15rwoe
52:54:00:2d:64:a3;yn84yidi
52:54:00:81:72:63;qt78kiql
52:54:00:bc:6c:48;sq88aori
52:54:00:33:94:21;cn69ezvx
52:54:00:93:30:fd;fo39tbko
52:54:00:63:61:d4;gm94dyrz
52:54:00:86:35:c7;nf87tagr
52:54:00:b5:29:bd;xa01asjr
52:54:00:2d:56:e0;ab05ryqo
52:54:00:51:f2:d2;hx28kcaw
52:54:00:3c:2f:85;eo82jhvw
52:54:00:0d:0f:f4;wj84kpib
52:54:00:f1:dc:82;cz38trdo
52:54:00:ac:a8:c7;zx81txer
52:54:00:5f:4f:49;tv31frhg
52:54:00:41:ea:6e;dh94iznt
52:54:00:6d:a4:db;lv07apuj
52:54:00:46:03:17;za54szvt
52:54:00:1a:63:6b;fm67zpep
52:54:00:a1:f3:9d;xv79zwfh
52:54:00:30:18:65;lz54fqxf
52:54:00:17:ce:d5;fq83bstn
52:54:00:79:f1:f5;yf49dfwz
52:54:00:7d:34:74;gk40yczn
52:54:00:b8:6c:bd;cv10zxpp
52:54:00:32:2d:4f;or62iibu
52:54:00:a8:66:26;ce96afxx
52:54:00:c3:4b:ea;cz38trdo
52:54:00:52:66:cc;jk11unww
52:54:00:ca:13:0d;rr75enwe
52:54:00:0e:95:72;cj66wqib
52:54:00:5b:7b:de;vq25yvwg
52:54:00:ea:71:78;kg02fdgm
52:54:00:5e:4f:02;cu84kcts
52:54:00:ae:a0:8e;gq10wzkd
52:54:00:0c:4b:1d;rx27bbbf
52:54:00:e3:c8:10;rq95putn
52:54:00:85:3f:22;lr44idev
52:54:00:01:2c:03;wt07sfkw
52:54:00:a3:aa:23;jm77efkw
52:54:00:80:81:c0;op84rice
52:54:00:92:f1:b0;qr73znsf
52:54:00:66:79:73;jq01yter
52:54:00:35:4e:84;uj16etar
52:54:00:cc:dc:21;lr23qpyh
52:54:00:84:16:82;zr44xczp
52:54:00:8f:08:cd;vr79sonc
52:54:00:c5:7e:1a;lq49xljm
52:54:00:9e:26:1a;wc75qeux
52:54:00:8f:69:e0;dh10ntto
52:54:00:52:a9:21;pl14ufae
52:54:00:72:c6:ab;rw74zotq
52:54:00:ac:d1:b8;ry36kodq
52:54:00:32:53:87;qc10hgbw
52:54:00:54:93:0d;ls17uono
52:54:00:0c:74:fe;bp62ezsy
52:54:00:41:67:b1;ip80nwsj
52:54:00:29:a6:a4;xz74xnre
52:54:00:98:70:1e;yk03clmz
52:54:00:dc:2e:61;or78dfwy
52:54:00:a9:b2:8f;av13rrbe
52:54:00:8e:f4:fd;we56ikwg
52:54:00:c4:fb:c7;zh08opcf
52:54:00:12:5a:fb;gf43ypkh
52:54:00:6a:1a:21;yr83lait
52:54:00:27:c4:42;nw48vxhs
52:54:00:03:94:66;pz24gxjp
52:54:00:44:d5:91;hl77kjae
52:54:00:27:77:89;xg05wopc
52:54:00:ca:38:d1;gc00lvph
52:54:00:12:ef:fb;ty31inkq
52:54:00:9c:89:ac;bu98kggv
52:54:00:54:44:50;kb68mhhf
52:54:00:a2:27:d0;ag22fwcc
52:54:00:96:8f:6b;cz37pubq
52:54:00:6f:4e:89;nd52cjpy
52:54:00:db:ef:8c;lz54fqxf
52:54:00:bd:d3:e7;lk38losz
52:54:00:3d:e6:2d;or24yohp
52:54:00:6a:7a:09;hr69dyrs
52:54:00:ee:4c:80;ze11xppr
52:54:00:b0:96:fc;wk45dpbl
52:54:00:6f:ee:4a;dd33moji
52:54:00:a6:ed:d4;pf14pjjt
52:54:00:ee:cf:5e;od64ueyt
52:54:00:b3:58:97;oe74qcmu
52:54:00:55:b7:06;nc13hhkp
52:54:00:e7:bc:35;mo85xaxq
52:54:00:b1:96:ca;ql96phua
52:54:00:6b:e1:91;hr52hnjr
52:54:00:3f:30:50;ai56gmeu
52:54:00:90:22:b7;lr77cpis
52:54:00:0d:7b:65;gz98pchl
52:54:00:cb:e0:1b;ay32ztiw
52:54:00:e0:af:7c;tg33eybi
52:54:00:2e:00:35;nz82oqrn
52:54:00:65:74:53;zj30fnqh
52:54:00:ac:b2:54;on82vqir
52:54:00:fb:7c:77;wv02bhee
52:54:00:c1:db:96;bp16wshh
52:54:00:27:db:8f;qr73znsf
52:54:00:3f:7f:72;vw56jbyt
52:54:00:66:08:90;lw26xywz
52:54:00:56:f9:ed;cn00eldu
52:54:00:eb:09:07;xx10svnw
52:54:00:3b:35:15;hr52hnjr
52:54:00:a5:1a:08;sw81dowu
52:54:00:dc:1a:b0;yd43vxwv
52:54:00:f1:f7:9e;st04wxfo
52:54:00:7e:f0:91;cz37pubq
52:54:00:cf:4a:45;bc07rkni
52:54:00:7c:e6:47;jp43dumy
52:54:00:ed:25:a3;ah76rksw
52:54:00:72:d4:f7;vr79sonc
52:54:00:03:cc:3e;bx92vjop
52:54:00:b9:fc:be;qt89palf
52:54:00:b5:47:bb;uu89mukx
52:54:00:04:57:38;vl08htae
52:54:00:d2:9b:8a;ho23sklo
52:54:00:08:5f:4b;cl60xmlk
52:54:00:75:bd:09;ar96lmgn
52:54:00:8e:61:bd;nz21fdgw
52:54:00:c4:be:b2;zj30fnqh
52:54:00:e2:6c:b2;vh07iycr
52:54:00:ef:76:94;ty80ipni
52:54:00:59:b8:24;gr37yztw
52:54:00:09:d6:97;ry15fbif
52:54:00:6f:02:38;sw81dowu
52:54:00:3f:37:6d;ld41wqzw
52:54:00:29:c7:bd;fk53lete
52:54:00:07:f2:ae;jn13lphv
52:54:00:cd:cd:4a;fd60akti
52:54:00:2a:8c:37;er94qiyt
52:54:00:11:f3:86;lr10ziqs
52:54:00:0a:84:36;fs80zlyo
52:54:00:3f:ab:85;st04wxfo
52:54:00:44:b0:da;dn64bulk
52:54:00:e6:26:a4;tk30lsuz
52:54:00:59:3d:95;xz74xnre
52:54:00:bf:68:87;av56ilmt
52:54:00:72:82:5e;ry72zgnh
52:54:00:29:9b:cc;wa10ffxx
52:54:00:6c:ad:08;fn96jiut
52:54:00:44:57:e8;be12nedp
52:54:00:03:81:68;hl77kjae
52:54:00:fa:f4:13;cy47ayhf
52:54:00:88:41:f7;ca91rvgt
52:54:00:fb:21:bd;mh95mdrg
52:54:00:ca:c2:40;eo79caoj
52:54:00:aa:e4:97;gh24fsui
52:54:00:45:8b:99;mm76ropw
52:54:00:1f:f3:0d;si48ffqw
52:54:00:0f:a7:fe;md00aewf
52:54:00:58:f2:26;xs34jchs
52:54:00:cb:28:53;cn26sltf
52:54:00:12:97:d4;yi30nudq
52:54:00:a9:3f:73;ya30ftsz
52:54:00:ed:ee:a0;nc35xyqi
52:54:00:4b:41:1d;fi55mcph
52:54:00:1b:05:d2;dg42pchx
52:54:00:5b:53:9e;gq75mfcf
52:54:00:09:4f:bd;nx73neca
52:54:00:03:56:17;ii34kjpu
52:54:00:a7:8c:b9;zj30fnqh
52:54:00:c6:5c:e0;ye55hdbi
52:54:00:2f:49:fd;sx06zlzh
52:54:00:38:b5:74;zc95qanb
52:54:00:ae:a2:f0;hq37fykq
52:54:00:48:be:56;hc61vahn
52:54:00:4a:da:81;vl23mefn
52:54:00:61:8b:6d;tv31frhg
52:54:00:4d:a9:f6;zw11hrgk
52:54:00:48:83:bf;qs47ykuy
52:54:00:a8:63:00;lr23qpyh
52:54:00:3a:c3:64;et29lqaf
52:54:00:bf:36:a5;wv66jxll
52:54:00:9c:5f:aa;cn00eldu
52:54:00:f6:1d:62;zx81txer
52:54:00:13:88:eb;gq75mfcf
52:54:00:56:f3:e5;dh06abiz
52:54:00:e2:6c:49;aq69hngw
52:54:00:6e:c5:74;mj99ztuk
52:54:00:ec:da:e4;bp83tdev
52:54:00:f9:5d:3d;zu99dhtr
52:54:00:a8:f7:33;gu64rqyu
52:54:00:5d:a2:d2;iw69wjyc
52:54:00:0c:c1:b6;ge59owya
52:54:00:dd:76:44;tf85ggse
52:54:00:5d:96:27;zm52ruez
52:54:00:ec:db:5d;ym83utig
52:54:00:f3:28:ea;nk85xwpo
52:54:00:f5:44:4c;bo30onqt
52:54:00:ea:c8:c8;mj93uims
52:54:00:75:79:ab;fk53lete
52:54:00:22:fb:a1;dr05tuea
52:54:00:35:6e:d9;fr27wcqo
52:54:00:65:7a:cd;yr94uyff
52:54:00:d1:86:90;nr49snle
52:54:00:e3:80:fc;bm95dxml
52:54:00:82:a1:67;bh46qisn
52:54:00:4d:7a:2b;vh07iycr
52:54:00:7c:1d:dc;gs33xngw
52:54:00:5f:cc:2a;ha37cyns
52:54:00:8e:24:7b;px49ncio
52:54:00:89:00:f2;jr93jdzo
52:54:00:21:8f:0b;tu39wrsa
52:54:00:af:d9:dd;mw57nihc
52:54:00:e0:c3:8b;bx92vjop
52:54:00:83:46:5e;ls58uikk
52:54:00:a4:d9:d9;an09kxjl
52:54:00:58:aa:c7;yv68autr
52:54:00:79:4c:67;rh82edsb
52:54:00:74:28:1e;jp57bcjh
52:54:00:00:d1:2d;ib15zoyh
52:54:00:08:5e:6d;rf12bfaj
52:54:00:48:ff:01;wg15rwoe
52:54:00:d6:a8:74;dz22vjjk
52:54:00:05:d9:be;ic71pvov
52:54:00:9a:5c:01;tn02ztqw
52:54:00:ab:53:1c;kc51zbgh
52:54:00:bb:f5:f0;kf06ybpn
52:54:00:2a:50:ec;ue44kqeq
52:54:00:c1:1d:50;lv07apuj
52:54:00:0a:3a:45;mj56ixjv
52:54:00:cd:ab:8e;bp08ljks
52:54:00:6d:ae:5c;jk77hppn
52:54:00:b5:ea:e3;sw81dowu
52:54:00:e2:7a:47;rg42hzzu
52:54:00:9b:e7:c8;ms26wxng
52:54:00:d7:d0:63;ry15fbif
52:54:00:80:80:14;hf03irvy
52:54:00:af:c8:9f;mg55adsv
52:54:00:07:44:6e;pk61intm
52:54:00:86:8d:6d;zw47xbvn
52:54:00:94:4d:d0;yy70cunj
52:54:00:24:93:76;jj06fhvf
52:54:00:52:e5:8d;er94qiyt
52:54:00:33:fd:67;ml55dvrp
52:54:00:c4:62:1f;hl31minw
52:54:00:0d:df:b7;it04xant
52:54:00:aa:c7:f1;yv49uuej
52:54:00:f1:20:a5;sk26ngoj
52:54:00:f9:9c:a4;rq68fpbs
52:54:00:59:b0:de;yz05qslp
52:54:00:e2:5c:e2;nt29jjzy
52:54:00:3c:c3:18;uf53dqew
52:54:00:2a:6d:b4;yh37kasv
52:54:00:31:9e:88;ks62auep
52:54:00:03:46:7c;ry36kodq
52:54:00:1a:e2:0e;hc57nmuz
52:54:00:6c:84:97;ql16zmdt
52:54:00:b5:bd:28;ik55vdei
52:54:00:3d:ed:2c;op84rice
52:54:00:ec:73:96;fq83bstn
52:54:00:b4:62:4c;or62iibu
52:54:00:60:7f:79;gi64oafc
52:54:00:c7:b7:93;oi16qbhb
52:54:00:9f:dd:03;aa11iiuy
52:54:00:ae:95:5f;ye55hdbi
52:54:00:24:49:0f;cp62qcwm
52:54:00:f7:39:e9;bt85qfqi
52:54:00:96:3f:ed;fv17mmgq
52:54:00:e3:36:e8;jb88jexz
52:54:00:2c:7f:28;cg60iukp
52:54:00:99:ce:d6;yy17pwvr
52:54:00:42:08:54;zu71ykta
52:54:00:bb:3d:ec;nc16mcxc
52:54:00:82:84:0c;rs04qyfj
52:54:00:54:e0:f1;fn18ckhi
52:54:00:2e:5a:d4;hc57nmuz
52:54:00:e6:30:37;kk85fcds
52:54:00:9c:81:f7;ho23sklo
52:54:00:06:82:a4;ai56gmeu
52:54:00:09:21:12;dn52wizs
52:54:00:9b:66:54;wh33kjbx
52:54:00:45:58:f6;ab53tyvc
52:54:00:6e:d7:de;xf35zlmg
52:54:00:35:01:af;md37havw
52:54:00:da:84:49;nb49vcsr
52:54:00:7d:ff:00;se67ikwa
52:54:00:f0:d9:b9;zb26dyeh
52:54:00:7d:ad:12;uj16etar
52:54:00:e0:95:90;ho23sklo
52:54:00:39:3e:54;iq24ncyn
52:54:00:4a:9a:ff;du77erxz
52:54:00:80:7a:ed;pa61gyoo
52:54:00:54:ff:8e;qe01oblo
52:54:00:eb:c1:ac;po17tisl
52:54:00:3f:ea:11;tc80lhqj
52:54:00:3a:f6:15;dn52wizs
52:54:00:69:2c:24;kl08ljio
52:54:00:c3:76:77;tv31frhg
52:54:00:33:25:c3;iw69wjyc
52:54:00:58:09:a7;yy63xzgk
52:54:00:c1:ac:b2;wg24udmw
52:54:00:99:4c:76;ge48rhkf
52:54:00:8c:75:8e;la79wxxy
52:54:00:33:1a:01;gh90uhqy
52:54:00:3c:a8:25;ru84krqh
52:54:00:95:be:1d;qg79jdyn
52:54:00:9c:a0:7c;rr26mmoq
52:54:00:a2:83:9f;yf49dfwz
52:54:00:6a:c5:c3;ml55dvrp
52:54:00:19:62:1d;de46upgx
52:54:00:36:91:7b;ej26fnis
52:54:00:26:ca:be;ru85eohq
52:54:00:0b:e0:7c;hw71lszg
52:54:00:c5:8f:35;ha42tvqw
52:54:00:cd:00:fe;co99joem
52:54:00:61:47:f5;ah30ntcb
52:54:00:28:50:3a;ba87aday
52:54:00:c4:a2:25;zn49wnyg
52:54:00:33:88:68;po17tisl
52:54:00:e7:f2:19;yf49dfwz
52:54:00:59:94:c6;wb24jzap
52:54:00:aa:fd:39;oy32pkrs
52:54:00:ef:fb:0c;nw45gsps
52:54:00:0b:fb:23;dj96xiuz
52:54:00:4e:96:15;qx45dkne
52:54:00:cb:23:ae;zy28lsfc
52:54:00:db:dd:85;zy28lsfc
52:54:00:08:4a:54;vh37rxxg
52:54:00:bf:cc:66;or24yohp
52:54:00:a8:91:53;zc95qanb
52:54:00:8a:8c:e2;zw47xbvn
52:54:00:14:68:bd;ky11erev
52:54:00:96:c0:c8;jp57bcjh
52:54:00:aa:b6:6e;jv64hboq
52:54:00:f7:48:af;ah76rksw
52:54:00:76:e1:f5;gz62bxio
52:54:00:10:f3:28;wb24jzap
52:54:00:27:28:6f;bu98kggv
52:54:00:e6:1e:b4;jv45aqgz
52:54:00:c2:27:08;uz61xtvm
52:54:00:b9:dd:87;on32aair
52:54:00:f0:4a:e5;mj93uims
52:54:00:d8:0c:75;gb37lidd
52:54:00:2e:58:28;mg18lonn
52:54:00:60:00:56;ru85eohq
52:54:00:43:a0:eb;wk45dpbl
52:54:00:56:2d:35;yv68autr
52:54:00:5b:cf:fe;is16yaee
52:54:00:cd:8f:4b;bh46qisn
52:54:00:9d:04:dc;aw24glqu
52:54:00:58:e7:6a;yi30nudq
52:54:00:9b:fc:fe;cz38trdo
52:54:00:02:6d:5b;jt54attt
52:54:00:98:d7:c6;pz84dkaq
